name,layer,id,glottocode,year,map_name_full,tessellate,extrude,visibility,Family,Dialect,description
Karlaaku,NatjuCluster,1,kala1379,traditional,Files for Australian Language Locations,1,0,-1,,,
Ngajumaya,NatjuCluster,2,ngad1258,traditional,Files for Australian Language Locations,1,0,-1,,,"Better name for the language would be Marlpamaya (human language) rather than 'Ngajumaya"" (I language) (Doug Marmion, pc)"
Ngarinyin,Ngarinyinic,3,ngar1284,traditional,Files for Australian Language Locations,1,0,-1,NonPNy,,
Worla,Ngarinyinic,4,wurl1240,traditional,Files for Australian Language Locations,1,0,-1,NonPNy,,
Yapurarra,Ngayarta,5,jabu1247,traditional,Files for Australian Language Locations,1,0,-1,,,
Andajin,Ngarinyinic,6,anda1282,traditional,Files for Australian Language Locations,1,0,-1,NonPNy,,
Ngarlawangga,Ngayarta,7,yinh1234,traditional,Files for Australian Language Locations,1,0,-1,,,name changed from Ngalawangka per Doug Marmion
Ngarluma,Ngayarta,8,ngar1287,traditional,Files for Australian Language Locations,1,0,-1,,,
Martuthunira,Ngayarta,9,mart1255,traditional,Files for Australian Language Locations,1,0,-1,,,
Nhuwala,Ngayarta,10,nhuw1239,traditional,Files for Australian Language Locations,1,0,-1,,,
Palyku,Ngayarta,11,nija1241,traditional,Files for Australian Language Locations,1,0,-1,,,
Panyjima,Ngayarta,12,pany1241,traditional,Files for Australian Language Locations,1,0,-1,,,
Kurrama,Ngayarta,13,kurr1243,traditional,Files for Australian Language Locations,1,0,-1,,,
Nyamal,Ngayarta,14,nyam1271,traditional,Files for Australian Language Locations,1,0,-1,,,
Kariyarra,Ngayarta,15,kari1304,traditional,Files for Australian Language Locations,1,0,-1,,,
Jurruru,Ngayarta,16,tjur1240,traditional,Files for Australian Language Locations,1,0,-1,,,
Wanamara,Mayi,17,wunu1234,traditional,Files for Australian Language Locations,1,0,-1,,,
Mangala,Marrngu,18,mang1383,traditional,Files for Australian Language Locations,1,0,-1,,,
Mayi-Kulan,Mayi,19,mayi1236,traditional,Files for Australian Language Locations,1,0,-1,,,
Ngawun,Mayi,20,ngaw1240,traditional,Files for Australian Language Locations,1,0,-1,,,
Mayi-Yapi,Mayi,21,mayi1235,traditional,Files for Australian Language Locations,1,0,-1,,,
Mayi-Kutuna,Mayi,22,maya1280,traditional,Files for Australian Language Locations,1,0,-1,,,
Ayapathu,Middle,23,ayab1239,traditional,Files for Australian Language Locations,1,0,-1,,,
Mayi-Thakurti,Mayi,24,mayi1234,traditional,Files for Australian Language Locations,1,0,-1,,,
Kuuku Yani,Middle,25,nort2759,traditional,Files for Australian Language Locations,1,0,-1,,,
Kuuku-Ya'u,Middle,27,kuuk1238,traditional,Files for Australian Language Locations,1,0,-1,,,
Kugu Nganhcara,Middle,29,wikn1246,traditional,Files for Australian Language Locations,1,0,-1,,,
Kaanju,Middle,30,kanj1260,traditional,Files for Australian Language Locations,1,0,-1,,,
Wik Mungkan,Middle,31,wikm1247,traditional,Files for Australian Language Locations,1,0,-1,,,
Badjiri,South Maric,33,badj1244,traditional,Files for Australian Language Locations,1,0,-1,,,
Wadjabangayi,South Maric,34,bidy1243,traditional,Files for Australian Language Locations,1,0,-1,,,
Gungabula,South Maric,35,gung1248,traditional,Files for Australian Language Locations,1,0,-1,,,
Gunggari,South Maric,36,kung1258,traditional,Files for Australian Language Locations,1,0,-1,,,
Bidjara,South Maric,37,bidy1243,traditional,Files for Australian Language Locations,1,0,-1,,,
Yirandhali,South Maric,38,yira1239,traditional,Files for Australian Language Locations,1,0,-1,,,
Guwamu,South Maric,39,guwa1243,traditional,Files for Australian Language Locations,1,0,-1,,,
Gunya,South Maric,40,guny1241,traditional,Files for Australian Language Locations,1,0,-1,,,
Muruwari,SouthEastern,41,muru1266,traditional,Files for Australian Language Locations,1,0,-1,,,
Margany,South Maric,42,marg1253,traditional,Files for Australian Language Locations,1,0,-1,,,
Ritharrngu,Southern,43,rita1239,traditional,Files for Australian Language Locations,1,0,-1,,,
Nganyaywana,Anaiwan,44,ngan1296,traditional,Files for Australian Language Locations,1,0,-1,,,
Goreng,Southern (#2),45,gore1235,traditional,Files for Australian Language Locations,1,0,-1,,y,
Minang,Southern (#2),46,nyun1247,traditional,Files for Australian Language Locations,1,0,-1,,y,
Nyunga,Southern (#2),47,nyun1247,traditional,Files for Australian Language Locations,1,0,-1,,y,
Wudjari,Southern (#2),48,nyun1247,traditional,Files for Australian Language Locations,1,0,-1,,,
Parrintyi,Paakantyi,51,darl1243,traditional,Files for Australian Language Locations,1,0,-1,,y,
Kurnu,Paakantyi,52,darl1243,traditional,Files for Australian Language Locations,1,0,-1,,,
Pantyikali,Paakantyi,53,darl1243,traditional,Files for Australian Language Locations,1,0,-1,,,
Southern Paakantyi,Paakantyi,54,darl1243,traditional,Files for Australian Language Locations,1,0,-1,,y,
Flinders Island,Paman,55,flin1247,traditional,Files for Australian Language Locations,1,0,-1,,,
Guugu-Yimidhirr,Paman,56,gugu1255,traditional,Files for Australian Language Locations,1,0,-1,,,
Mbabaram,Paman,57,mbab1239,traditional,Files for Australian Language Locations,1,0,-1,,,
Barrow Point,Paman,58,barr1247,traditional,Files for Australian Language Locations,1,0,-1,,,
Kuku Thaypan,Rarmul Paman,60,thay1248,traditional,Files for Australian Language Locations,1,0,-1,,,
Ngalakgan,Rembarrnga-Ngalakgan,61,ngal1293,traditional,Files for Australian Language Locations,1,0,-1,NonPNy,,
Rembarrnga,Rembarrnga-Ngalakgan,64,remb1249,traditional,Files for Australian Language Locations,1,0,-1,NonPNy,,
Mbeiwum,Northern (#5),65,mbiy1238,traditional,Files for Australian Language Locations,1,0,-1,,,
Yatay,Northern (#5),66,guda1244,traditional,Files for Australian Language Locations,1,0,-1,,,
Umpila,Northern (#5),67,umpi1239,traditional,Files for Australian Language Locations,1,0,-1,,,
Yinwum,Northern (#5),68,yinw1236,traditional,Files for Australian Language Locations,1,0,-1,,,
Yadhaykenu,Northern (#5),69,yadh1237,traditional,Files for Australian Language Locations,1,0,-1,,,
Linngithigh,Northern (#5),70,leni1238,traditional,Files for Australian Language Locations,1,0,-1,,,
Luthigh,Northern (#5),71,luth1234,traditional,Files for Australian Language Locations,1,0,-1,,,
Anguthimri,Northern (#5),72,angu1242,traditional,Files for Australian Language Locations,1,0,-1,,,
Aritinngithigh,Northern (#5),73,arit1239,traditional,Files for Australian Language Locations,1,0,-1,,,
Muthanthi,Northern (#5),74,,traditional,Files for Australian Language Locations,1,0,-1,,,
Uradhi,Northern (#5),75,urad1239,traditional,Files for Australian Language Locations,1,0,-1,,,
Yupngayth,Northern (#5),76,,traditional,Files for Australian Language Locations,1,0,-1,,,
Ndra'ngith,Northern (#5),77,ndra1239,traditional,Files for Australian Language Locations,1,0,-1,,,
Alngith,Northern (#5),78,alng1239,traditional,Files for Australian Language Locations,1,0,-1,,,
Paaruntyi,Paakantyi,79,darl1243,traditional,Files for Australian Language Locations,1,0,-1,,,
Malak Malak,Northern Daly,80,mull1237,traditional,Files for Australian Language Locations,1,0,-1,,,
Kukatja,Northern (#2),81,kuka1246,traditional,Files for Australian Language Locations,1,0,-1,,y,
Yulparija,Northern (#2),82,yulp1238,traditional,Files for Australian Language Locations,1,0,-1,,,
Nyaki Nyaki,Northern (#3),83,nyun1247,traditional,Files for Australian Language Locations,1,0,-1,,y,
Nganakarti,Northern (#3),84,nhan1238,traditional,Files for Australian Language Locations,1,0,-1,,y,
Balardung,Northern (#3),85,nyun1247,traditional,Files for Australian Language Locations,1,0,-1,,y,
Wajuk,Northern (#3),86,waju1234,traditional,Files for Australian Language Locations,1,0,-1,,,
Kukatj,Northern (#4),87,guga1239,traditional,Files for Australian Language Locations,1,0,-1,,,
Amangu,Northern (#3),88,nhan1238,traditional,Files for Australian Language Locations,1,0,-1,,y,
Wuthathi,Northern (#5),89,wuth1237,traditional,Files for Australian Language Locations,1,0,-1,,,
Mpalityan,Northern (#5),90,mpal1237,traditional,Files for Australian Language Locations,1,0,-1,,,Changed from Mpalitjanh
Mpakwithi,Northern (#5),91,angu1242,traditional,Files for Australian Language Locations,1,0,-1,,,
Atampaya,Northern (#5),92,atam1239,traditional,Files for Australian Language Locations,1,0,-1,,,
Angkamuthi,Northern (#5),93,angg1238,traditional,Files for Australian Language Locations,1,0,-1,,,
Awngthim,Northern (#5),94,awng1245,traditional,Files for Australian Language Locations,1,0,-1,,,
Gudang,Northern (#5),95,guda1244,traditional,Files for Australian Language Locations,1,0,-1,,,
Luthigh,Northern (#5),96,luth1234,traditional,Files for Australian Language Locations,1,0,-1,,,
Duungidjawu,Waka-Kabi,97,duun1241,traditional,Files for Australian Language Locations,1,0,-1,,,
WakaWaka,Waka-Kabi,98,waka1274,traditional,Files for Australian Language Locations,1,0,-1,,,
Guweng,Waka-Kabi,99,gure1255,traditional,Files for Australian Language Locations,1,0,-1,,,
Batyala,Waka-Kabi,100,baty1234,traditional,Files for Australian Language Locations,1,0,-1,,,
GoorengGooreng,Waka-Kabi,101,gure1255,traditional,Files for Australian Language Locations,1,0,-1,,,
Gubbi Gubbi,Waka-Kabi,102,duun1241,traditional,Files for Australian Language Locations,1,0,-1,,,
Yangman,Wardaman,103,yang1288,traditional,Files for Australian Language Locations,1,0,-1,NonPNy,,
Wardaman,Wardaman,104,ward1246,traditional,Files for Australian Language Locations,1,0,-1,NonPNy,,
Warluwarra,Warluwarric,105,warl1256,traditional,Files for Australian Language Locations,1,0,-1,,,
Dagoman,Wardaman,106,dago1245,traditional,Files for Australian Language Locations,1,0,-1,NonPNy,y,
Bularnu,Warluwarric,107,bula1255,traditional,Files for Australian Language Locations,1,0,-1,,,
Yanyuwa,Warluwarric,108,yany1243,traditional,Files for Australian Language Locations,1,0,-1,,,
Yindjilandji,Warluwarric,109,yind1248,traditional,Files for Australian Language Locations,1,0,-1,,,
Wakaya,Warluwarric,110,waga1260,traditional,Files for Australian Language Locations,1,0,-1,,,
Warumungu,Warumungic,111,waru1265,traditional,Files for Australian Language Locations,1,0,-1,,,
Wirangu,Thura-Yura,113,wira1265,traditional,Files for Australian Language Locations,1,0,-1,,,
Guyani,Thura-Yura,114,guya1249,traditional,Files for Australian Language Locations,1,0,-1,,,
Guwar,Turubulic,115,guwa1244,traditional,Files for Australian Language Locations,1,0,-1,,,
Nunukal,Turubulic,116,jand1248,traditional,Files for Australian Language Locations,1,0,-1,,,"Related to yagara, given by Tindale as the name of the Northern group of Stradbroke Island.

(changed from Nukunul to Nunukal per Bill Pascoe)"
Yagara,Turubulic,117,yaga1256,traditional,Files for Australian Language Locations,1,0,-1,,,
Turrbul,Turubulic,119,yaga1256,traditional,Files for Australian Language Locations,1,0,-1,,,
Janday,Turubulic,120,jand1248,traditional,Files for Australian Language Locations,1,0,-1,,,"Djindewal, Jandai"
Umbugarla,Umbugarlan,121,ngur1260,traditional,Files for Australian Language Locations,1,0,-1,NonPNy,,
Ngaduk,Umbugarlan,122,gaga1251,traditional,Files for Australian Language Locations,1,0,-1,NonPNy,,"In Birch's 2006 map, Ngaduk is also shown on the Western side of the river, north of Gonbudj."
Ngomburr,Umbugarlan,123,ngur1260,traditional,Files for Australian Language Locations,1,0,-1,NonPNy,,
Bukurnidja,Umbugarlan,124,umbu1235,traditional,Files for Australian Language Locations,1,0,-1,NonPNy,,
Wuli Wuli,Waka-Kabi,125,wuli1242,traditional,Files for Australian Language Locations,1,0,-1,,,
Gonbudj,Umbugarlan,126,umbu1235,traditional,Files for Australian Language Locations,1,0,-1,NonPNy,,
Bayali,Waka-Kabi,127,baya1257,traditional,Files for Australian Language Locations,1,0,-1,,,
Barunggam,Waka-Kabi,128,waka1274,traditional,Files for Australian Language Locations,1,0,-1,,,
Pinjarup,Southwestern,129,pinj1244,traditional,Files for Australian Language Locations,1,0,-1,,y,
Wiilman,Southwestern,130,nyun1247,traditional,Files for Australian Language Locations,1,0,-1,,y,
Wardandi,Southwestern,131,ward1248,traditional,Files for Australian Language Locations,1,0,-1,,,
Bibbulman,Southwestern,132,bibb1234,traditional,Files for Australian Language Locations,1,0,-1,,y,
Lardil,Tangkic,133,lard1243,traditional,Files for Australian Language Locations,1,0,-1,NonPNy,,
Kaniyang,Southwestern,134,kani1276,traditional,Files for Australian Language Locations,1,0,-1,,y,
Kayardild,Tangkic,135,kaya1319,traditional,Files for Australian Language Locations,1,0,-1,NonPNy,,
Yukulta,Tangkic,136,gang1267,traditional,Files for Australian Language Locations,1,0,-1,NonPNy,,
Ngadjuri,Thura-Yura,137,ngad1257,traditional,Files for Australian Language Locations,1,0,-1,,,
Minkin,Tangkic,138,mink1237,traditional,Files for Australian Language Locations,1,0,-1,NonPNy,,
Parnkala,Thura-Yura,139,bang1339,traditional,Files for Australian Language Locations,1,0,-1,,,
Nauo,Thura-Yura,140,nauo1235,traditional,Files for Australian Language Locations,1,0,-1,,,
Adnyamathanha,Thura-Yura,141,adny1235,traditional,Files for Australian Language Locations,1,0,-1,,,
Nukunu,Thura-Yura,142,nugu1241,traditional,Files for Australian Language Locations,1,0,-1,,,
Narrungga,Thura-Yura,143,naru1238,traditional,Files for Australian Language Locations,1,0,-1,,,
Kaurna,Thura-Yura,144,kaur1267,traditional,Files for Australian Language Locations,1,0,-1,,,
Wagaman,Southern (#3),146,wami1239,traditional,Files for Australian Language Locations,1,0,-1,,,
Mbara,Southern (#3),148,mbar1254,traditional,Files for Australian Language Locations,1,0,-1,,,
Ngan'gityemerri,Southern Daly,149,nang1259,traditional,Files for Australian Language Locations,1,0,-1,NonPNy,,
Murrinh-patha,Southern Daly,150,murr1258,traditional,Files for Australian Language Locations,1,0,-1,NonPNy,,
Kuthant,Southwest (#2),151,kuth1240,traditional,Files for Australian Language Locations,1,0,-1,,,
Mirniny,Southwest,152,mirn1245,traditional,Files for Australian Language Locations,1,0,-1,,,Spelling of the language name changed from Mirrniny per Doug Marmion (and back per Sue Hanson).
Kurtjar,Southwest (#2),153,gurd1238,traditional,Files for Australian Language Locations,1,0,-1,,,
Uw-Olgol,Southwest (#2),154,kunj1245,traditional,Files for Australian Language Locations,1,0,-1,,,
Kuuk-Narr,Southwest (#2),155,kokn1236,traditional,Files for Australian Language Locations,1,0,-1,,,
Koko Bera,Southwest (#2),158,gugu1254,traditional,Files for Australian Language Locations,1,0,-1,,,
Yir Yoront,Southwest (#2),160,yiry1245,traditional,Files for Australian Language Locations,1,0,-1,,,
Malyangapa,Yardli,161,maly1234,traditional,Files for Australian Language Locations,1,0,-1,,,
Kuku Yalanji,Yalanjic,162,kuku1273,traditional,Files for Australian Language Locations,1,0,-1,,,
Wadikali,Yardli,163,wadi1261,traditional,Files for Australian Language Locations,1,0,-1,,,
Yardliyawarra,Yardli,164,yard1234,traditional,Files for Australian Language Locations,1,0,-1,,,
Yidiny,Yidinyic,165,yidi1250,traditional,Files for Australian Language Locations,1,0,-1,,,boundaries per Dixon grammar
Djabugay,Yidinyic,166,dyaa1242,traditional,Files for Australian Language Locations,1,0,-1,,,
YortaYorta,Yotayotic,167,yort1237,traditional,Files for Australian Language Locations,1,0,-1,,,
YabulaYabula,Yotayotic,168,yabu1234,traditional,Files for Australian Language Locations,1,0,-1,,,
Ngarigu,Yuin,169,ngar1297,traditional,Files for Australian Language Locations,1,0,-1,,,
Thawa,Yuin,170,sout2771,traditional,Files for Australian Language Locations,1,0,-1,,,
Dharawal,Yuin,171,thur1254,traditional,Files for Australian Language Locations,1,0,-1,,,
Ngunawal,Yuin,172,ngun1277,traditional,Files for Australian Language Locations,1,0,-1,,,
Dhurga,Yuin,173,dhur1239,traditional,Files for Australian Language Locations,1,0,-1,,,
Gandangara,Yuin,174,gund1248,traditional,Files for Australian Language Locations,1,0,-1,,,
Djirringany,Yuin,175,sout2771,traditional,Files for Australian Language Locations,1,0,-1,,,
Nyulnyul,WesternNyulnyulan,176,nyul1247,traditional,Files for Australian Language Locations,1,0,-1,NonPNy,,
Kalaw Kawaw Ya,Western Torres,177,kala1377,traditional,Files for Australian Language Locations,1,0,-1,,,
Nimanburu,WesternNyulnyulan,178,nima1245,traditional,Files for Australian Language Locations,1,0,-1,NonPNy,,
Jawi,WesternNyulnyulan,179,djaw1238,traditional,Files for Australian Language Locations,1,0,-1,NonPNy,,
Bardi,WesternNyulnyulan,180,bard1255,traditional,Files for Australian Language Locations,1,0,-1,NonPNy,,
Jabirrjabirr,WesternNyulnyulan,181,dyab1238,traditional,Files for Australian Language Locations,1,0,-1,NonPNy,,
Umiida,Worrorric,182,umii1236,traditional,Files for Australian Language Locations,1,0,-1,NonPNy,,
Unggumi,Worrorric,183,ungg1243,traditional,Files for Australian Language Locations,1,0,-1,NonPNy,,
Yawijibaya,Worrorric,184,yawi1239,traditional,Files for Australian Language Locations,1,0,-1,NonPNy,,
Worrorra,Worrorric,185,worr1237,traditional,Files for Australian Language Locations,1,0,-1,NonPNy,,
Kwini,Wunambalic,186,kwin1241,traditional,Files for Australian Language Locations,1,0,-1,NonPNy,,
Unggarranggu,Worrorric,187,ungg1244,traditional,Files for Australian Language Locations,1,0,-1,NonPNy,,
Gamberre,Wunambalic,188,gamb1251,traditional,Files for Australian Language Locations,1,0,-1,NonPNy,,
Wunambal,Wunambalic,189,wuna1249,traditional,Files for Australian Language Locations,1,0,-1,NonPNy,,
Muluriji,Yalanjic,191,mulu1243,traditional,Files for Australian Language Locations,1,0,-1,,,
Jardwadjali,Western Kulin,192,west2443,traditional,Files for Australian Language Locations,1,0,-1,,y,
Tjapwurrung,Western Kulin,193,djab1234,traditional,Files for Australian Language Locations,1,0,-1,,y,
Djadjawurung,Western Kulin,194,djad1246,traditional,Files for Australian Language Locations,1,0,-1,,,
MathiMathi,Western Kulin,196,madh1244,traditional,Files for Australian Language Locations,1,0,-1,,,
Nari Nari,Western Kulin,197,nari1241,traditional,Files for Australian Language Locations,1,0,-1,,,
WathiWathi,Western Kulin,198,wadi1260,traditional,Files for Australian Language Locations,1,0,-1,,,"Wadi wadi (Not to be confused with Wodi Wodi, which is a Yuin-Kuri language)"
Warrnambool,Western Kulin,199,warr1257,traditional,Files for Australian Language Locations,1,0,-1,,,
Wotjobaluk,Western Kulin,200,wotj1234,traditional,Files for Australian Language Locations,1,0,-1,,,
Wemba Wemba,Western Kulin,201,wemb1241,traditional,Files for Australian Language Locations,1,0,-1,,,
Ngaliwuru,Western Mirndi,202,djam1255,traditional,Files for Australian Language Locations,1,0,-1,NonPNy,,
Yari-Yari,Western Kulin,203,yari1243,traditional,Files for Australian Language Locations,1,0,-1,,,
Jaminjung,Western Mirndi,204,djam1255,traditional,Files for Australian Language Locations,1,0,-1,NonPNy,,
Nungali,Western Mirndi,205,nung1291,traditional,Files for Australian Language Locations,1,0,-1,NonPNy,,
Kala Lagaw Ya,Western Torres,206,kala1377,traditional,Files for Australian Language Locations,1,0,-1,,,
Mabuiag,Western Torres,207,mabu1248,traditional,Files for Australian Language Locations,1,0,-1,,,
Magati Ke,Western Daly,208,mart1254,traditional,Files for Australian Language Locations,1,0,-1,NonPNy,,
Marramaninyshi,Western Daly,209,mari1417,traditional,Files for Australian Language Locations,1,0,-1,NonPNy,,
Marri Ammu,Western Daly,210,mare1239,traditional,Files for Australian Language Locations,1,0,-1,NonPNy,y,
Emmi,Western Daly,211,mara1386,traditional,Files for Australian Language Locations,1,0,-1,NonPNy,,also known as Maranunggu
Marringarr,Western Daly,212,mari1419,traditional,Files for Australian Language Locations,1,0,-1,NonPNy,y,
Giyug,Anson Bay,213,giyu1238,traditional,Files for Australian Language Locations,1,0,-1,NonPNy,,
Ngalia,Western Desert,214,pint1251,traditional,Files for Australian Language Locations,1,0,-1,,,
Warnman,Western Desert,215,wanm1242,traditional,Files for Australian Language Locations,1,0,-1,,,
Pitjantjatjara,Western Desert,216,pitj1243,traditional,Files for Australian Language Locations,1,0,-1,,,
Pintupi-Luritja,Western Desert,218,pint1250,traditional,Files for Australian Language Locations,1,0,-1,,,
Yankunytjatjara,Western Desert,219,pitj1243,traditional,Files for Australian Language Locations,1,0,-1,,y,
Kartujarra,Western Desert,220,kart1247,traditional,Files for Australian Language Locations,1,0,-1,,,
Ladji Ladji,Western Kulin,222,ladj1234,traditional,Files for Australian Language Locations,1,0,-1,,,
Putijarra,Western Desert,223,pudi1238,traditional,Files for Australian Language Locations,1,0,-1,,,
Yiman,East Maric,224,mand1417,traditional,Files for Australian Language Locations,1,0,-1,,y,
Yangga,East Maric,225,east2716,traditional,Files for Australian Language Locations,1,0,-1,,,
Ganulu,East Maric,226,ganu1234,traditional,Files for Australian Language Locations,1,0,-1,,,
Barada,East Maric,227,east2716,traditional,Files for Australian Language Locations,1,0,-1,,,
Yilba,East Maric,228,east2716,traditional,Files for Australian Language Locations,1,0,-1,,y,
Gangulu,East Maric,229,gang1268,traditional,Files for Australian Language Locations,1,0,-1,,,
Biri,East Maric,231,biri1256,traditional,Files for Australian Language Locations,1,0,-1,,y,
Kokatha,Eastern,232,koka1244,traditional,Files for Australian Language Locations,1,0,-1,,y,
Antakirinya,Eastern,233,anta1253,traditional,Files for Australian Language Locations,1,0,-1,,,
Matngele,Eastern Daly,234,madn1237,traditional,Files for Australian Language Locations,1,0,-1,NonPNy,,
Kamu,Eastern Daly,235,kamu1258,traditional,Files for Australian Language Locations,1,0,-1,NonPNy,,
Boonwurrung,Eastern Kulin,236,boon1243,traditional,Files for Australian Language Locations,1,0,-1,,,
Daungwurrung,Eastern Kulin,237,daun1234,traditional,Files for Australian Language Locations,1,0,-1,,y,
Ngarnka,Eastern Mirndi,238,ngar1283,traditional,Files for Australian Language Locations,1,0,-1,NonPNy,,
Woiwurrung,Eastern Kulin,239,woiw1237,traditional,Files for Australian Language Locations,1,0,-1,,,
Djirbal,Dyirbalic,240,dyir1250,traditional,Files for Australian Language Locations,1,0,-1,,,
Guynmal,Dharumbal,241,dhar1248,traditional,Files for Australian Language Locations,1,0,-1,,,"See breen 09, 6.6, issues with Tindale vs Roth. name is doubtful, can't find in current sources"
Warrgamay,Dyirbalic,242,warr1255,traditional,Files for Australian Language Locations,1,0,-1,,,
Nyawaygi,Dyirbalic,243,nyaw1247,traditional,Files for Australian Language Locations,1,0,-1,,,
Wubuy,East Arnhem,244,nung1290,traditional,Files for Australian Language Locations,1,0,-1,NonPNy,,
Wulguru,Dyirbalic,245,wulg1239,traditional,Files for Australian Language Locations,1,0,-1,,,
Ngandi,East Arnhem,246,ngan1295,traditional,Files for Australian Language Locations,1,0,-1,NonPNy,,
Anindilyakwa,East Arnhem,247,anin1240,traditional,Files for Australian Language Locations,1,0,-1,NonPNy,,
Wirri,East Maric,248,biri1256,traditional,Files for Australian Language Locations,1,0,-1,,y,
Garingbal,East Maric,250,east2716,traditional,Files for Australian Language Locations,1,0,-1,,,
Barna,East Maric,251,east2716,traditional,Files for Australian Language Locations,1,0,-1,,,
Yambina,East Maric,252,east2716,traditional,Files for Australian Language Locations,1,0,-1,,,
Wadjigu,East Maric,253,wadj1255,traditional,Files for Australian Language Locations,1,0,-1,,,
Gabalbara,East Maric,254,east2716,traditional,Files for Australian Language Locations,1,0,-1,,,
Wangan,East Maric,255,,traditional,Files for Australian Language Locations,1,0,-1,,,
Bunuba,Bunaban,256,buna1275,traditional,Files for Australian Language Locations,1,0,-1,NonPNy,,
Gooniyandi,Bunaban,257,goon1238,traditional,Files for Australian Language Locations,1,0,-1,NonPNy,,
Dhuwal,Central,258,dhuw1249,traditional,Files for Australian Language Locations,1,0,-1,,,
Dhuwala,Central,259,dhuw1250,traditional,Files for Australian Language Locations,1,0,-1,,,
Dhay'yi,Central,261,dayi1244,traditional,Files for Australian Language Locations,1,0,-1,,,
Wiradjuri,Central-NSW,262,wira1262,traditional,Files for Australian Language Locations,1,0,-1,,,
Ngiyambaa,Central-NSW,263,wang1291,traditional,Files for Australian Language Locations,1,0,-1,,,
Yuwaliyaay,Central-NSW,264,gami1243,traditional,Files for Australian Language Locations,1,0,-1,,,
Gamilaraay,Central-NSW,265,gami1243,traditional,Files for Australian Language Locations,1,0,-1,,,
Yuwaalaraay,Central-NSW,266,yuwa1242,traditional,Files for Australian Language Locations,1,0,-1,,,
Limilngan,Darwin Region,268,nucl1327,traditional,Files for Australian Language Locations,1,0,-1,NonPNy,,
Wailwan,Central-NSW,269,wayi1238,traditional,Files for Australian Language Locations,1,0,-1,,,Treated by Donaldson as the Northern dialect of Ngiyambaa
Dharumbal,Dharumbal,270,dhar1248,traditional,Files for Australian Language Locations,1,0,-1,,,Distant sister to Mbabaram in BBA 2018
Batjjamalh,Anson Bay,272,wadj1254,traditional,Files for Australian Language Locations,1,0,-1,NonPNy,,
Alyawarr,Arandic,273,alya1239,traditional,Files for Australian Language Locations,1,0,-1,,,
Anmatyerr,Arandic,274,anma1239,traditional,Files for Australian Language Locations,1,0,-1,,y,
Ayerreyenge,Arandic,275,ayer1246,traditional,Files for Australian Language Locations,1,0,-1,,,
Antekerrepenhe,Arandic,276,ande1247,traditional,Files for Australian Language Locations,1,0,-1,,,
Lower Aranda,Arandic,277,lowe1436,traditional,Files for Australian Language Locations,1,0,-1,,,
Kaytetye,Arandic,278,kayt1238,traditional,Files for Australian Language Locations,1,0,-1,,,
Western Arrarnta,Arandic,279,west2441,traditional,Files for Australian Language Locations,1,0,-1,,,
Central Arrernte,Arandic,280,east2379,traditional,Files for Australian Language Locations,1,0,-1,,,
Eastern Arrernte,Arandic,282,east2379,traditional,Files for Australian Language Locations,1,0,-1,,y,
Yugambal,Bigambalic,285,yuga1244,traditional,Files for Australian Language Locations,1,0,-1,,,
Bigambal,Bigambalic,286,biga1237,traditional,Files for Australian Language Locations,1,0,-1,,,
Purduna,Kanyara,287,burd1238,traditional,Files for Australian Language Locations,1,0,-1,,,
Pinikura,Kanyara,288,pini1244,traditional,Files for Australian Language Locations,1,0,-1,,,
Thalanyji,Kanyara,289,dhal1245,traditional,Files for Australian Language Locations,1,0,-1,,,
Payungu,Kanyara,290,bayu1240,traditional,Files for Australian Language Locations,1,0,-1,,,
Pitta-Pitta,Karnic,291,pitt1247,traditional,Files for Australian Language Locations,1,0,-1,,,
Mayawali,Karnic,293,pitt1247,traditional,Files for Australian Language Locations,1,0,-1,,,
Wangkayutyuru,Karnic,294,wang1289,traditional,Files for Australian Language Locations,1,0,-1,,,
Mithaka,Karnic,295,mith1236,traditional,Files for Australian Language Locations,1,0,-1,,,
Karuwali,Karnic,296,karr1236,traditional,Files for Australian Language Locations,1,0,-1,,,
Karangura,Karnic,297,ngam1265,traditional,Files for Australian Language Locations,1,0,-1,,,
Wangkangurru,Karnic,298,wang1290,traditional,Files for Australian Language Locations,1,0,-1,,y,
Garlali,Karnic,299,kala1380,traditional,Files for Australian Language Locations,1,0,-1,,,
Yandruwandha,Karnic,300,yand1253,traditional,Files for Australian Language Locations,1,0,-1,,,
Yanda,Karnic,301,yand1251,traditional,Files for Australian Language Locations,1,0,-1,,,
Guwa,Karnic,302,guwa1242,traditional,Files for Australian Language Locations,1,0,-1,,,
Mawng,Iwaidjan,303,maun1240,traditional,Files for Australian Language Locations,1,0,-1,NonPNy,,
Iwaidja,Iwaidjan,304,iwai1244,traditional,Files for Australian Language Locations,1,0,-1,NonPNy,,
Marrgu,Iwaidjan,305,marg1251,traditional,Files for Australian Language Locations,1,0,-1,NonPNy,,
Wurrugu,Iwaidjan,306,wurr1238,traditional,Files for Australian Language Locations,1,0,-1,NonPNy,,
Ilgar,Iwaidjan,307,ilga1238,traditional,Files for Australian Language Locations,1,0,-1,NonPNy,,
Garig,Iwaidjan,308,gari1253,traditional,Files for Australian Language Locations,1,0,-1,NonPNy,,
Dharuk,Iyora,309,sydn1236,traditional,Files for Australian Language Locations,1,0,-1,,,
Darrkinyung,Iyora,310,hawk1239,traditional,Files for Australian Language Locations,1,0,-1,,,
Thanggatti,Iyora,311,dyan1250,traditional,Files for Australian Language Locations,1,0,-1,,,
Eora,Iyora,312,sydn1236,traditional,Files for Australian Language Locations,1,0,-1,,,spelling per Wafer and Lissarrague
Miriwoong,Jarrakan,313,miri1266,traditional,Files for Australian Language Locations,1,0,-1,NonPNy,,
Gija,Jarrakan,314,kitj1240,traditional,Files for Australian Language Locations,1,0,-1,NonPNy,,
Yalarnnga,Kalkatungic,315,yala1262,traditional,Files for Australian Language Locations,1,0,-1,,,
Gajirrebeng,Jarrakan,316,gadj1243,traditional,Files for Australian Language Locations,1,0,-1,NonPNy,,
Thiin,Kanyara,317,thii1234,traditional,Files for Australian Language Locations,1,0,-1,,,
Kalkatungu,Kalkatungic,318,kalk1246,traditional,Files for Australian Language Locations,1,0,-1,,,
Garrwa,Garrwan,319,gara1269,traditional,Files for Australian Language Locations,1,0,-1,NonPNy,,
Waanyi,Garrwan,320,wany1247,traditional,Files for Australian Language Locations,1,0,-1,NonPNy,,
Erre,Giimbiyu,321,erre1238,traditional,Files for Australian Language Locations,1,0,-1,NonPNy,,
Mengerrdji,Giimbiyu,322,mang1382,traditional,Files for Australian Language Locations,1,0,-1,NonPNy,,
Gumbaynggir,Gumbaynggiric,323,kumb1268,traditional,Files for Australian Language Locations,1,0,-1,,,
Urningangk,Giimbiyu,324,urni1239,traditional,Files for Australian Language Locations,1,0,-1,NonPNy,,
Baanbay,Gumbaynggiric,325,kumb1268,traditional,Files for Australian Language Locations,1,0,-1,,y,
Yaygirr,Gumbaynggiric,326,yayg1236,traditional,Files for Australian Language Locations,1,0,-1,,,
Bininj Kunwok,Gunwinygic,327,gunw1252,traditional,Files for Australian Language Locations,1,0,-1,NonPNy,,
Kunbarlang,Gunwinygic,328,kunb1251,traditional,Files for Australian Language Locations,1,0,-1,NonPNy,,
Wulwulam,Gunwinyguan,329,wulw1234,traditional,Files for Australian Language Locations,1,0,-1,NonPNy,,
Dalabon,Gunwinygic,330,ngal1292,traditional,Files for Australian Language Locations,1,0,-1,NonPNy,,
Jawoyn,Gunwinyguan,331,djau1244,traditional,Files for Australian Language Locations,1,0,-1,NonPNy,,
Uwinymil,Gunwinyguan,332,uwin1234,traditional,Files for Australian Language Locations,1,0,-1,NonPNy,,
Amurdak,Iwaidjan,333,amar1271,traditional,Files for Australian Language Locations,1,0,-1,NonPNy,,
Warray,Gunwinyguan,334,wara1290,traditional,Files for Australian Language Locations,1,0,-1,NonPNy,,
Gudanji,Eastern Mirndi,335,guda1242,traditional,Files for Australian Language Locations,1,0,-1,NonPNy,,
Binbinka,Eastern Mirndi,336,binb1242,traditional,Files for Australian Language Locations,1,0,-1,NonPNy,,
Jingulu,Eastern Mirndi,337,djin1251,traditional,Files for Australian Language Locations,1,0,-1,NonPNy,,
Wambaya,Eastern Mirndi,338,wamb1258,traditional,Files for Australian Language Locations,1,0,-1,NonPNy,,
Kurnai,Eastern Victoria,339,gana1278,traditional,Files for Australian Language Locations,1,0,-1,,,
Bidawal,Eastern Victoria,340,gana1268,traditional,Files for Australian Language Locations,1,0,-1,,,
Muk-Thang,Eastern Victoria,341,gana1278,traditional,Files for Australian Language Locations,1,0,-1,,,
Thangguai,Eastern Victoria,342,gana1278,traditional,Files for Australian Language Locations,1,0,-1,,,
Dhudhuroa,Eastern Victoria,343,dhud1236,traditional,Files for Australian Language Locations,1,0,-1,,,
Nulit,Eastern Victoria,344,gana1278,traditional,Files for Australian Language Locations,1,0,-1,,,
Yawuru,EasternNyulnyulan,345,yawu1244,traditional,Files for Australian Language Locations,1,0,-1,NonPNy,,
Waywurru,Eastern Victoria,346,pall1243,traditional,Files for Australian Language Locations,1,0,-1,,,
Jukun,EasternNyulnyulan,347,dyug1238,traditional,Files for Australian Language Locations,1,0,-1,NonPNy,,
Nyikina,EasternNyulnyulan,348,nyig1240,traditional,Files for Australian Language Locations,1,0,-1,NonPNy,,
Ngumbarl,EasternNyulnyulan,349,ngum1253,traditional,Files for Australian Language Locations,1,0,-1,NonPNy,,
Warrwa,EasternNyulnyulan,350,warr1258,traditional,Files for Australian Language Locations,1,0,-1,NonPNy,,
Warriyangga,Mantharta,351,wari1262,traditional,Files for Australian Language Locations,1,0,-1,,,
Tharrgari,Mantharta,352,dhar1247,traditional,Files for Australian Language Locations,1,0,-1,,,
Gudjal,Maric,353,gudj1237,traditional,Files for Australian Language Locations,1,0,-1,,,
Alawa,Maran,354,alaw1244,traditional,Files for Australian Language Locations,1,0,-1,NonPNy,,
Yagalingu,Maric,355,bidy1243,traditional,Files for Australian Language Locations,1,0,-1,,,
Miyan,Maric,356,east2716,traditional,Files for Australian Language Locations,1,0,-1,,,
Dungaloo,Maric,357,,traditional,Files for Australian Language Locations,1,0,-1,,y,
Giya,Maric,358,giya1234,traditional,Files for Australian Language Locations,1,0,-1,,,
Yiningayi,Maric,359,bidy1243,traditional,Files for Australian Language Locations,1,0,-1,,,
Yuru,Maric,360,yuru1264,traditional,Files for Australian Language Locations,1,0,-1,,,
Yugul,Marran,361,yugu1250,traditional,Files for Australian Language Locations,1,0,-1,NonPNy,,
Bindal,Maric,362,bind1237,traditional,Files for Australian Language Locations,1,0,-1,,,
Marra,Marran,363,mara1385,traditional,Files for Australian Language Locations,1,0,-1,NonPNy,,
Warndarrang,Marran,364,wand1263,traditional,Files for Australian Language Locations,1,0,-1,NonPNy,,
Nyangumarta,Marrngu,365,nyan1301,traditional,Files for Australian Language Locations,1,0,-1,,,
Karajarri,Marrngu,366,kara1476,traditional,Files for Australian Language Locations,1,0,-1,,,
Larrakia,Larrakiyan,367,lara1258,traditional,Files for Australian Language Locations,1,0,-1,NonPNy,,
Wulna,Larrakiyan,368,wuln1239,traditional,Files for Australian Language Locations,1,0,-1,NonPNy,,
Keramin,LowerMurray,369,kera1256,traditional,Files for Australian Language Locations,1,0,-1,,,"Also Kureinji, Yari-Yari"
Ngarkat,LowerMurray,370,lowe1402,traditional,Files for Australian Language Locations,1,0,-1,,y,
Ngintait,LowerMurray,371,ngin1247,traditional,Files for Australian Language Locations,1,0,-1,,,"Also Ngindadj, Yuu-Yuu given as a reference name in Wafer and Lissarague)"
YithaYitha,LowerMurray,372,yith1234,traditional,Files for Australian Language Locations,1,0,-1,,y,
Ngarrindjeri,LowerMurray,373,narr1259,traditional,Files for Australian Language Locations,1,0,-1,,,
Peramangk,LowerMurray,374,,traditional,Files for Australian Language Locations,1,0,-1,,y,
Ngaiawang,LowerMurray,375,lowe1402,traditional,Files for Australian Language Locations,1,0,-1,,,
Yaraldi,LowerMurray,376,yara1254,traditional,Files for Australian Language Locations,1,0,-1,,,
Ndjebbana,Maningrida,377,djee1236,traditional,Files for Australian Language Locations,1,0,-1,NonPNy,,also called Gunavidji
Raminyeri,Lower Murray,378,narr1259,traditional,Files for Australian Language Locations,1,0,-1,,y,
Gurrgoni,Maningrida,379,gura1252,traditional,Files for Australian Language Locations,1,0,-1,NonPNy,,
Nakara,Maningrida,380,naka1260,traditional,Files for Australian Language Locations,1,0,-1,NonPNy,,
Jiwarli,Mantharta,381,thii1234,traditional,Files for Australian Language Locations,1,0,-1,,,
Burarra,Maningrida,382,bura1267,traditional,Files for Australian Language Locations,1,0,-1,NonPNy,,
Kalaamaya,Kartu,383,kala1401,traditional,Files for Australian Language Locations,1,0,-1,,,
Tharrayi,Kartu,384,ying1247,traditional,Files for Australian Language Locations,1,0,-1,,,"tindale's Tedei, per Doug Marmion. Probably the same as Thirrily (Southern Yingkarta?)"
Badimaya,Kartu,385,badi1246,traditional,Files for Australian Language Locations,1,0,-1,,,
Nhanda,Kartu,386,nhan1238,traditional,Files for Australian Language Locations,1,0,-1,,,
Thaagurda,Kartu,387,kart1250,traditional,Files for Australian Language Locations,1,0,-1,,,Language mentioned in Doug Marmion's honour's thesis; not otherwise attested but seems to be a separate language
Wajarri,Kartu,388,waja1257,traditional,Files for Australian Language Locations,1,0,-1,,,
Kolakngat,Kulin,389,cola1237,traditional,Files for Australian Language Locations,1,0,-1,,,Kolakngat
Bunganditj,Kulin,390,bung1264,traditional,Files for Australian Language Locations,1,0,-1,,,
Birrpayi,Kuri,391,birr1241,traditional,Files for Australian Language Locations,1,0,-1,,,
Wathawurrung,Kulin,392,wath1238,traditional,Files for Australian Language Locations,1,0,-1,,,
Hunter River Lake Macquarie,Kuri,393,awab1243,traditional,Files for Australian Language Locations,1,0,-1,,,
Worimi,Kuri,394,wori1245,traditional,Files for Australian Language Locations,1,0,-1,,y,
Aghu Tharnggala,Lamalamic,395,aghu1256,traditional,Files for Australian Language Locations,1,0,-1,,,
Katthang,Kuri,396,wori1245,traditional,Files for Australian Language Locations,1,0,-1,,,
Lamalama,Lamalamic,398,lamu1254,traditional,Files for Australian Language Locations,1,0,-1,,,
Nhirrpi,Karnic,399,nhir1234,traditional,Files for Australian Language Locations,1,0,-1,,y,
Pirlatapa,Karnic,400,pirl1238,traditional,Files for Australian Language Locations,1,0,-1,,,
Diyari,Karnic,401,dira1238,traditional,Files for Australian Language Locations,1,0,-1,,,
Kungkarri,Karnic,402,kuun1236,traditional,Files for Australian Language Locations,1,0,-1,,,
Yawarrawarrka,Karnic,403,yawa1258,traditional,Files for Australian Language Locations,1,0,-1,,,
Pirriya,Karnic,404,pirr1240,traditional,Files for Australian Language Locations,1,0,-1,,,
Yarluyandi,Karnic,405,yarl1238,traditional,Files for Australian Language Locations,1,0,-1,,,
Ngamini,Karnic,406,ngam1265,traditional,Files for Australian Language Locations,1,0,-1,,,
Ngantangarra,Karnic,407,yaru1254,traditional,Files for Australian Language Locations,1,0,-1,,y,
Wangkumara,Karnic,408,wong1246,traditional,Files for Australian Language Locations,1,0,-1,,,
Thirarri,Karnic,409,dira1238,traditional,Files for Australian Language Locations,1,0,-1,,y,
Arabana,Karnic,410,arab1267,traditional,Files for Australian Language Locations,1,0,-1,,,
Malkana,Kartu,411,malg1242,traditional,Files for Australian Language Locations,1,0,-1,,,
Punthamara,Karnic,412,punt1240,traditional,Files for Australian Language Locations,1,0,-1,,,
Yingkarta,Kartu,413,ying1247,traditional,Files for Australian Language Locations,1,0,-1,,,
Wagiman,Non Pama-Nyungan Languages file,415,wage1238,traditional,Files for Australian Language Locations,1,0,-1,NonPNy,,
Tiwi,Non Pama-Nyungan Languages file,416,tiwi1244,traditional,Files for Australian Language Locations,1,0,-1,NonPNy,,
Gaagudju,Non Pama-Nyungan Languages file,417,gaga1251,traditional,Files for Australian Language Locations,1,0,-1,NonPNy,,
Kungarakany,Non Pama-Nyungan Languages file,418,kung1259,traditional,Files for Australian Language Locations,1,0,-1,NonPNy,,
Warungu,North Maric,419,waru1264,traditional,Files for Australian Language Locations,1,0,-1,,,
Mangarrayi,Non Pama-Nyungan Languages file,420,mang1381,traditional,Files for Australian Language Locations,1,0,-1,NonPNy,,
Djinba,Northern,421,djin1252,traditional,Files for Australian Language Locations,1,0,-1,,,
Gugu Badhun,North Maric,422,gudj1237,traditional,Files for Australian Language Locations,1,0,-1,,,
Yan-nhangu,Northern,423,yann1237,traditional,Files for Australian Language Locations,1,0,-1,,,
Dhangu,Northern,424,dhan1270,traditional,Files for Australian Language Locations,1,0,-1,,,
Djangu,Northern,425,dhan1270,traditional,Files for Australian Language Locations,1,0,-1,,,
Golpa,Northern,426,yann1237,traditional,Files for Australian Language Locations,1,0,-1,,,
Ngardi,Northern (#2),427,ngar1288,traditional,Files for Australian Language Locations,1,0,-1,,,
Djinang,Northern,428,djin1253,traditional,Files for Australian Language Locations,1,0,-1,,,
Manjiljarra,Northern (#2),429,mart1256,traditional,Files for Australian Language Locations,1,0,-1,,y,
Wangkajunga,Northern (#2),430,wang1288,traditional,Files for Australian Language Locations,1,0,-1,,,
Yindjibarndi,Ngayarta,431,yind1247,traditional,Files for Australian Language Locations,1,0,-1,,,
Ngarla,Ngayarta,432,ngar1286,traditional,Files for Australian Language Locations,1,0,-1,,,
Karranga,Ngumpin-Yapa,433,mudb1240,traditional,Files for Australian Language Locations,1,0,-1,,y,
Yinhawangka,Ngayarta,434,yinh1234,traditional,Files for Australian Language Locations,1,0,-1,,,
Bilinarra,Ngumpin-Yapa,435,bili1250,traditional,Files for Australian Language Locations,1,0,-1,,,
Walmajarri,Ngumpin-Yapa,436,walm1241,traditional,Files for Australian Language Locations,1,0,-1,,,
Warlpiri,Ngumpin-Yapa,437,warl1254,traditional,Files for Australian Language Locations,1,0,-1,,,
Warlmanpa,Ngumpin-Yapa,438,warl1255,traditional,Files for Australian Language Locations,1,0,-1,,,
Wurlayi,Ngumpin-Yapa,439,wurl1241,traditional,Files for Australian Language Locations,1,0,-1,,y,
Ngarinyman,Ngumpin-Yapa,440,ngar1235,traditional,Files for Australian Language Locations,1,0,-1,,,
Mudburra,Ngumpin-Yapa,441,mudb1240,traditional,Files for Australian Language Locations,1,0,-1,,,
Gurindji,Ngumpin-Yapa,442,guri1247,traditional,Files for Australian Language Locations,1,0,-1,,,
Malngin,Ngumpin-Yapa,443,maln1239,traditional,Files for Australian Language Locations,1,0,-1,,,
Jaru,Ngumpin-Yapa,444,jaru1254,traditional,Files for Australian Language Locations,1,0,-1,,,
Jiwarliny,Ngumpin-Yapa,445,djuw1238,traditional,Files for Australian Language Locations,1,0,-1,,y,
Wanyjirra,Ngumpin-Yapa,446,wany1244,traditional,Files for Australian Language Locations,1,0,-1,,,
Garandi,Paman,447,kuth1240,traditional,Files for Australian Language Locations,,,,,,
Barranbinya,Muruwaric,448,barr1252,traditional,Files for Australian Language Locations,,,,,,
Southern Anaiwan,Anaiwan,450,ngan1296,traditional,Files for Australian Language Locations,,,,,,
Kokiny,Paman,451,kawa1290,traditional,Files for Australian Language Locations,,,,,,
Ribh,Paman,452,areb1238,traditional,Files for Australian Language Locations,,,,,,
Olkola,Paman,453,olko1234,traditional,Files for Australian Language Locations,,,,,,
Gugu Djangun,Paman,454,djan1238,traditional,Files for Australian Language Locations,,,,,,
Wik-Alkan,Paman,455,wika1238,traditional,Files for Australian Language Locations,,,,,y,
Wik-Ngatharr,Paman,456,wika1238,traditional,Files for Australian Language Locations,,,,,,
Wik-Paacha,Paman,457,wikn1245,traditional,Files for Australian Language Locations,,,,,,
Wik-Ep,Paman,458,wike1239,traditional,Files for Australian Language Locations,,,,,y,
Wik-Ngathan,Paman,459,wika1238,traditional,Files for Australian Language Locations,,,,,,
Wik Me'anh,Paman,460,wikm1246,traditional,Files for Australian Language Locations,,,,,,
Pakanh,Paman,461,paka1251,traditional,Files for Australian Language Locations,,,,,,
Kuuk Yak,Paman,462,kuuk1243,traditional,Files for Australian Language Locations,,,,,,
Kuuk Thaayorre,Paman,463,thay1249,traditional,Files for Australian Language Locations,,,,,,
Yintyingka,Paman,464,ayab1239,traditional,Files for Australian Language Locations,,,,,,
Umpithamu,Paman,465,umbi1243,traditional,Files for Australian Language Locations,,,,,,
Umbuygamu,Paman,466,umbu1256,traditional,Files for Australian Language Locations,,,,,,
Rimanggudinhma,Paman,467,mbar1253,traditional,Files for Australian Language Locations,,,,,,
Walangama,Paman,468,wala1263,traditional,Files for Australian Language Locations,,,,,,
Agwamin,Paman,469,wami1239,traditional,Files for Australian Language Locations,,,,,,
Takalak,Paman,470,taga1279,traditional,Files for Australian Language Locations,,,,,,
Athima,Paman,471,athi1234,traditional,Files for Australian Language Locations,,,,,,
Ikarranggal,Paman,472,ikar1243,traditional,Files for Australian Language Locations,,,,,,
Uw Oykangand,Paman,474,oyka1239,traditional,Files for Australian Language Locations,,,,,,
Ogunyjan,Paman,475,kawa1290,traditional,Files for Australian Language Locations,,,,,,
Koko-Babángk,Paman,476,koko1273,traditional,Files for Australian Language Locations,,,,,,
Menthe,Western Daly,477,amii1238,traditional,Files for Australian Language Locations,,,,NonPNy,y,
Yunggurr,Eastern Daly,478,kamu1258,traditional,Files for Australian Language Locations,,,,NonPNy,y,
Pungupungu,Anson Bay,479,pung1239,traditional,Files for Australian Language Locations,,,,NonPNy,y,
Maranunggu,Western Daly,480,mara1386,traditional,Files for Australian Language Locations,,,,NonPNy,,
Tyerraty,Northern Daly,481,tyar1236,traditional,Files for Australian Language Locations,,,,,,
Ngan'gikurunggurr,Southern Daly,482,nang1259,traditional,Files for Australian Language Locations,,,,NonPNy,y,
Marrithiel,Western Daly,483,mari1424,traditional,Files for Australian Language Locations,,,,NonPNy,,
Marri Tjevin,Western Daly,484,mari1421,traditional,Files for Australian Language Locations,,,,NonPNy,y,
Marri Dan,Western Daly,485,mari1422,traditional,Files for Australian Language Locations,,,,NonPNy,y,
Winjarumi,Worrorran,486,winj1235,traditional,Files for Australian Language Locations,,,,NonPNy,,
Nyaanyatjarra,Western Desert,487,ngaa1240,traditional,Files for Australian Language Locations,,,,,,
Tjupan,Western Desert,488,tjup1235,traditional,Files for Australian Language Locations,,,,,,
Ngaanyatjarra,Western Desert,489,ngaa1240,traditional,Files for Australian Language Locations,,,,,,
Kuwarra,Western Desert,490,,traditional,Files for Australian Language Locations,,,,,y,
Cundeelee Wangka,Western Desert,491,,traditional,Files for Australian Language Locations,,,,,y,
Yetimarala,Maric,492,dhar1248,traditional,Files for Australian Language Locations,,,,,,
Wapabara,Dharumbal,493,dhar1248,traditional,Files for Australian Language Locations,,,,,,
Ara-ara,Maric,494,gayi1238,traditional,Files for Australian Language Locations,,,,,,
Gara-gara,Maric,496,gayi1238,traditional,Files for Australian Language Locations,,,,,y,
Yandjibara,Maric,497,yand1261,traditional,Files for Australian Language Locations,,,,,,
Dharawala,Maric,498,bidy1243,traditional,Files for Australian Language Locations,,,,,,
Ngaro,Maric,499,giya1234,traditional,Files for Australian Language Locations,,,,,,
Wilyakali,Paakantyi,500,wilj1239,traditional,Files for Australian Language Locations,,,,,y,
Paakantyi,Paakantyi,501,darl1243,traditional,Files for Australian Language Locations,,,,,,
Omeo language,Yuin-Kuri,502,sout2770,traditional,Files for Australian Language Locations,,,,,,
Yu-Yu,LowerMurray,503,uppe1415,traditional,Files for Australian Language Locations,,,,,,
Dharumba,Yuin-Kuri,504,dhur1239,traditional,Files for Australian Language Locations,,,,,,
Copmanhurst Langugae,Bandjalangic,505,yuga1244,traditional,Files for Australian Language Locations,1,0,-1,,,
Gold Coast Pimpana,Bandjalangic,506,pimp1234,traditional,Files for Australian Language Locations,1,0,-1,,,
Condamine- Upper-Clarence,Bandjalangic,507,cond1242,traditional,Files for Australian Language Locations,1,0,-1,,,
Middle Clarence,Bandjalangic,508,midd1357,traditional,Files for Australian Language Locations,1,0,-1,,,
Lower Richmond,Bandjalangic,509,lowe1444,traditional,Files for Australian Language Locations,1,0,-1,,,
Tweed-Albert,Bandjalangic,510,twee1234,traditional,Files for Australian Language Locations,1,0,-1,,,
Guyambal,Bigambalic,511,yuga1244,traditional,Files for Australian Language Locations,,,,,,
Gugu Wakura,Paman,512,yala1261,traditional,Files for Australian Language Locations,,,,,y,
Koogobatha,Paman,513,kunj1245,traditional,Files for Australian Language Locations,,,,,,
Awu Alaya,Paman,514,ikar1243,traditional,Files for Australian Language Locations,,,,,,
Ogh-Alungul,Paman,515,alay1234,traditional,Files for Australian Language Locations,,,,,,
Koko Dhawa,Paman,516,koko1272,traditional,Files for Australian Language Locations,,,,,y,
Ogh Awarrangg,Paman,517,ogha1238,traditional,Files for Australian Language Locations,,,,,,
Agu Aloja,Paman,518,alay1234,traditional,Files for Australian Language Locations,,,,,,
Ogh-Angkula,Paman,519,alay1234,traditional,Files for Australian Language Locations,,,,,,
Wik Iyanh,Paman,520,wiki1239,traditional,Files for Australian Language Locations,,,,,,
Uw El,Paman,521,oyka1239,traditional,Files for Australian Language Locations,,,,,y,
Yirrk Thangalkl,Paman,522,gugu1254,traditional,Files for Australian Language Locations,,,,,,
Southern Kaantju,Paman,523,kanj1260,traditional,Files for Australian Language Locations,,,,,,
