ID,Name,Description,Contributor,Citation,Glottocode,Year,Source,Media_IDs,Type,Map_IDs
map_1,Files for Australian Language Locations,,,,,,bowern2021australia,,map,
1,Karlaaku,,,,kala1379,traditional,bowern2021australia,features,feature,map_1
2,Ngajumaya,,,,ngad1258,traditional,bowern2021australia,features,feature,map_1
3,Ngarinyin,,,,ngar1284,traditional,bowern2021australia,features,feature,map_1
4,Worla,,,,wurl1240,traditional,bowern2021australia,features,feature,map_1
5,Yapurarra,,,,jabu1247,traditional,bowern2021australia,features,feature,map_1
6,Andajin,,,,anda1282,traditional,bowern2021australia,features,feature,map_1
7,Ngarlawangga,,,,yinh1234,traditional,bowern2021australia,features,feature,map_1
8,Ngarluma,,,,ngar1287,traditional,bowern2021australia,features,feature,map_1
9,Martuthunira,,,,mart1255,traditional,bowern2021australia,features,feature,map_1
10,Nhuwala,,,,nhuw1239,traditional,bowern2021australia,features,feature,map_1
11,Palyku,,,,nija1241,traditional,bowern2021australia,features,feature,map_1
12,Panyjima,,,,pany1241,traditional,bowern2021australia,features,feature,map_1
13,Kurrama,,,,kurr1243,traditional,bowern2021australia,features,feature,map_1
14,Nyamal,,,,nyam1271,traditional,bowern2021australia,features,feature,map_1
15,Kariyarra,,,,kari1304,traditional,bowern2021australia,features,feature,map_1
16,Jurruru,,,,tjur1240,traditional,bowern2021australia,features,feature,map_1
17,Wanamara,,,,wunu1234,traditional,bowern2021australia,features,feature,map_1
18,Mangala,,,,mang1383,traditional,bowern2021australia,features,feature,map_1
19,Mayi-Kulan,,,,mayi1236,traditional,bowern2021australia,features,feature,map_1
20,Ngawun,,,,ngaw1240,traditional,bowern2021australia,features,feature,map_1
21,Mayi-Yapi,,,,mayi1235,traditional,bowern2021australia,features,feature,map_1
22,Mayi-Kutuna,,,,maya1280,traditional,bowern2021australia,features,feature,map_1
23,Ayapathu,,,,ayab1239,traditional,bowern2021australia,features,feature,map_1
24,Mayi-Thakurti,,,,mayi1234,traditional,bowern2021australia,features,feature,map_1
25,Kuuku Yani,,,,nort2759,traditional,bowern2021australia,features,feature,map_1
26,Kuuku-Ya'u,,,,kuuk1238,traditional,bowern2021australia,features,feature,map_1
27,Kugu Nganhcara,,,,wikn1246,traditional,bowern2021australia,features,feature,map_1
28,Kaanju,,,,kanj1260,traditional,bowern2021australia,features,feature,map_1
29,Wik Mungkan,,,,wikm1247,traditional,bowern2021australia,features,feature,map_1
30,Badjiri,,,,badj1244,traditional,bowern2021australia,features,feature,map_1
31,Wadjabangayi,,,,bidy1243,traditional,bowern2021australia,features,feature,map_1
32,Gungabula,,,,gung1248,traditional,bowern2021australia,features,feature,map_1
33,Gunggari,,,,kung1258,traditional,bowern2021australia,features,feature,map_1
34,Bidjara,,,,bidy1243,traditional,bowern2021australia,features,feature,map_1
35,Yirandhali,,,,yira1239,traditional,bowern2021australia,features,feature,map_1
36,Guwamu,,,,guwa1243,traditional,bowern2021australia,features,feature,map_1
37,Gunya,,,,guny1241,traditional,bowern2021australia,features,feature,map_1
38,Muruwari,,,,muru1266,traditional,bowern2021australia,features,feature,map_1
39,Margany,,,,marg1253,traditional,bowern2021australia,features,feature,map_1
40,Ritharrngu,,,,rita1239,traditional,bowern2021australia,features,feature,map_1
41,Nganyaywana,,,,ngan1296,traditional,bowern2021australia,features,feature,map_1
42,Goreng,,,,gore1235,traditional,bowern2021australia,features,feature,map_1
43,Minang,,,,nyun1247,traditional,bowern2021australia,features,feature,map_1
44,Nyunga,,,,nyun1247,traditional,bowern2021australia,features,feature,map_1
45,Wudjari,,,,nyun1247,traditional,bowern2021australia,features,feature,map_1
46,Parrintyi,,,,darl1243,traditional,bowern2021australia,features,feature,map_1
47,Kurnu,,,,darl1243,traditional,bowern2021australia,features,feature,map_1
48,Pantyikali,,,,darl1243,traditional,bowern2021australia,features,feature,map_1
49,Southern Paakantyi,,,,darl1243,traditional,bowern2021australia,features,feature,map_1
50,Flinders Island,,,,flin1247,traditional,bowern2021australia,features,feature,map_1
51,Guugu-Yimidhirr,,,,gugu1255,traditional,bowern2021australia,features,feature,map_1
52,Mbabaram,,,,mbab1239,traditional,bowern2021australia,features,feature,map_1
53,Barrow Point,,,,barr1247,traditional,bowern2021australia,features,feature,map_1
54,Kuku Thaypan,,,,thay1248,traditional,bowern2021australia,features,feature,map_1
55,Ngalakgan,,,,ngal1293,traditional,bowern2021australia,features,feature,map_1
56,Rembarrnga,,,,remb1249,traditional,bowern2021australia,features,feature,map_1
57,Mbeiwum,,,,mbiy1238,traditional,bowern2021australia,features,feature,map_1
58,Yatay,,,,guda1244,traditional,bowern2021australia,features,feature,map_1
59,Umpila,,,,umpi1239,traditional,bowern2021australia,features,feature,map_1
60,Yinwum,,,,yinw1236,traditional,bowern2021australia,features,feature,map_1
61,Yadhaykenu,,,,yadh1237,traditional,bowern2021australia,features,feature,map_1
62,Linngithigh,,,,leni1238,traditional,bowern2021australia,features,feature,map_1
63,Luthigh,,,,luth1234,traditional,bowern2021australia,features,feature,map_1
64,Anguthimri,,,,angu1242,traditional,bowern2021australia,features,feature,map_1
65,Aritinngithigh,,,,arit1239,traditional,bowern2021australia,features,feature,map_1
66,Muthanthi,,,,,traditional,bowern2021australia,features,feature,map_1
67,Uradhi,,,,urad1239,traditional,bowern2021australia,features,feature,map_1
68,Yupngayth,,,,,traditional,bowern2021australia,features,feature,map_1
69,Ndra'ngith,,,,ndra1239,traditional,bowern2021australia,features,feature,map_1
70,Alngith,,,,alng1239,traditional,bowern2021australia,features,feature,map_1
71,Paaruntyi,,,,darl1243,traditional,bowern2021australia,features,feature,map_1
72,Malak Malak,,,,mull1237,traditional,bowern2021australia,features,feature,map_1
73,Kukatja,,,,kuka1246,traditional,bowern2021australia,features,feature,map_1
74,Yulparija,,,,yulp1238,traditional,bowern2021australia,features,feature,map_1
75,Nyaki Nyaki,,,,nyun1247,traditional,bowern2021australia,features,feature,map_1
76,Nganakarti,,,,nhan1238,traditional,bowern2021australia,features,feature,map_1
77,Balardung,,,,nyun1247,traditional,bowern2021australia,features,feature,map_1
78,Wajuk,,,,waju1234,traditional,bowern2021australia,features,feature,map_1
79,Kukatj,,,,guga1239,traditional,bowern2021australia,features,feature,map_1
80,Amangu,,,,nhan1238,traditional,bowern2021australia,features,feature,map_1
81,Wuthathi,,,,wuth1237,traditional,bowern2021australia,features,feature,map_1
82,Mpalityan,,,,mpal1237,traditional,bowern2021australia,features,feature,map_1
83,Mpakwithi,,,,angu1242,traditional,bowern2021australia,features,feature,map_1
84,Atampaya,,,,atam1239,traditional,bowern2021australia,features,feature,map_1
85,Angkamuthi,,,,angg1238,traditional,bowern2021australia,features,feature,map_1
86,Awngthim,,,,awng1245,traditional,bowern2021australia,features,feature,map_1
87,Gudang,,,,guda1244,traditional,bowern2021australia,features,feature,map_1
88,Duungidjawu,,,,duun1241,traditional,bowern2021australia,features,feature,map_1
89,WakaWaka,,,,waka1274,traditional,bowern2021australia,features,feature,map_1
90,Guweng,,,,gure1255,traditional,bowern2021australia,features,feature,map_1
91,Batyala,,,,baty1234,traditional,bowern2021australia,features,feature,map_1
92,GoorengGooreng,,,,gure1255,traditional,bowern2021australia,features,feature,map_1
93,Gubbi Gubbi,,,,duun1241,traditional,bowern2021australia,features,feature,map_1
94,Yangman,,,,yang1288,traditional,bowern2021australia,features,feature,map_1
95,Wardaman,,,,ward1246,traditional,bowern2021australia,features,feature,map_1
96,Warluwarra,,,,warl1256,traditional,bowern2021australia,features,feature,map_1
97,Dagoman,,,,dago1245,traditional,bowern2021australia,features,feature,map_1
98,Bularnu,,,,bula1255,traditional,bowern2021australia,features,feature,map_1
99,Yanyuwa,,,,yany1243,traditional,bowern2021australia,features,feature,map_1
100,Yindjilandji,,,,yind1248,traditional,bowern2021australia,features,feature,map_1
101,Wakaya,,,,waga1260,traditional,bowern2021australia,features,feature,map_1
102,Warumungu,,,,waru1265,traditional,bowern2021australia,features,feature,map_1
103,Wirangu,,,,wira1265,traditional,bowern2021australia,features,feature,map_1
104,Guyani,,,,guya1249,traditional,bowern2021australia,features,feature,map_1
105,Guwar,,,,guwa1244,traditional,bowern2021australia,features,feature,map_1
106,Nunukal,,,,jand1248,traditional,bowern2021australia,features,feature,map_1
107,Yagara,,,,yaga1256,traditional,bowern2021australia,features,feature,map_1
108,Turrbul,,,,yaga1256,traditional,bowern2021australia,features,feature,map_1
109,Janday,,,,jand1248,traditional,bowern2021australia,features,feature,map_1
110,Umbugarla,,,,ngur1260,traditional,bowern2021australia,features,feature,map_1
111,Ngaduk,,,,gaga1251,traditional,bowern2021australia,features,feature,map_1
112,Ngomburr,,,,ngur1260,traditional,bowern2021australia,features,feature,map_1
113,Bukurnidja,,,,umbu1235,traditional,bowern2021australia,features,feature,map_1
114,Wuli Wuli,,,,wuli1242,traditional,bowern2021australia,features,feature,map_1
115,Gonbudj,,,,umbu1235,traditional,bowern2021australia,features,feature,map_1
116,Bayali,,,,baya1257,traditional,bowern2021australia,features,feature,map_1
117,Barunggam,,,,waka1274,traditional,bowern2021australia,features,feature,map_1
118,Pinjarup,,,,pinj1244,traditional,bowern2021australia,features,feature,map_1
119,Wiilman,,,,nyun1247,traditional,bowern2021australia,features,feature,map_1
120,Wardandi,,,,ward1248,traditional,bowern2021australia,features,feature,map_1
121,Bibbulman,,,,bibb1234,traditional,bowern2021australia,features,feature,map_1
122,Lardil,,,,lard1243,traditional,bowern2021australia,features,feature,map_1
123,Kaniyang,,,,kani1276,traditional,bowern2021australia,features,feature,map_1
124,Kayardild,,,,kaya1319,traditional,bowern2021australia,features,feature,map_1
125,Yukulta,,,,gang1267,traditional,bowern2021australia,features,feature,map_1
126,Ngadjuri,,,,ngad1257,traditional,bowern2021australia,features,feature,map_1
127,Minkin,,,,mink1237,traditional,bowern2021australia,features,feature,map_1
128,Parnkala,,,,bang1339,traditional,bowern2021australia,features,feature,map_1
129,Nauo,,,,nauo1235,traditional,bowern2021australia,features,feature,map_1
130,Adnyamathanha,,,,adny1235,traditional,bowern2021australia,features,feature,map_1
131,Nukunu,,,,nugu1241,traditional,bowern2021australia,features,feature,map_1
132,Narrungga,,,,naru1238,traditional,bowern2021australia,features,feature,map_1
133,Kaurna,,,,kaur1267,traditional,bowern2021australia,features,feature,map_1
134,Wagaman,,,,wami1239,traditional,bowern2021australia,features,feature,map_1
135,Mbara,,,,mbar1254,traditional,bowern2021australia,features,feature,map_1
136,Ngan'gityemerri,,,,nang1259,traditional,bowern2021australia,features,feature,map_1
137,Murrinh-patha,,,,murr1258,traditional,bowern2021australia,features,feature,map_1
138,Kuthant,,,,kuth1240,traditional,bowern2021australia,features,feature,map_1
139,Mirniny,,,,mirn1245,traditional,bowern2021australia,features,feature,map_1
140,Kurtjar,,,,gurd1238,traditional,bowern2021australia,features,feature,map_1
141,Uw-Olgol,,,,kunj1245,traditional,bowern2021australia,features,feature,map_1
142,Kuuk-Narr,,,,kokn1236,traditional,bowern2021australia,features,feature,map_1
143,Koko Bera,,,,gugu1254,traditional,bowern2021australia,features,feature,map_1
144,Yir Yoront,,,,yiry1245,traditional,bowern2021australia,features,feature,map_1
145,Malyangapa,,,,maly1234,traditional,bowern2021australia,features,feature,map_1
146,Kuku Yalanji,,,,kuku1273,traditional,bowern2021australia,features,feature,map_1
147,Wadikali,,,,wadi1261,traditional,bowern2021australia,features,feature,map_1
148,Yardliyawarra,,,,yard1234,traditional,bowern2021australia,features,feature,map_1
149,Yidiny,,,,yidi1250,traditional,bowern2021australia,features,feature,map_1
150,Djabugay,,,,dyaa1242,traditional,bowern2021australia,features,feature,map_1
151,YortaYorta,,,,yort1237,traditional,bowern2021australia,features,feature,map_1
152,YabulaYabula,,,,yabu1234,traditional,bowern2021australia,features,feature,map_1
153,Ngarigu,,,,ngar1297,traditional,bowern2021australia,features,feature,map_1
154,Thawa,,,,sout2771,traditional,bowern2021australia,features,feature,map_1
155,Dharawal,,,,thur1254,traditional,bowern2021australia,features,feature,map_1
156,Ngunawal,,,,ngun1277,traditional,bowern2021australia,features,feature,map_1
157,Dhurga,,,,dhur1239,traditional,bowern2021australia,features,feature,map_1
158,Gandangara,,,,gund1248,traditional,bowern2021australia,features,feature,map_1
159,Djirringany,,,,sout2771,traditional,bowern2021australia,features,feature,map_1
160,Nyulnyul,,,,nyul1247,traditional,bowern2021australia,features,feature,map_1
161,Kalaw Kawaw Ya,,,,kala1377,traditional,bowern2021australia,features,feature,map_1
162,Nimanburu,,,,nima1245,traditional,bowern2021australia,features,feature,map_1
163,Jawi,,,,djaw1238,traditional,bowern2021australia,features,feature,map_1
164,Bardi,,,,bard1255,traditional,bowern2021australia,features,feature,map_1
165,Jabirrjabirr,,,,dyab1238,traditional,bowern2021australia,features,feature,map_1
166,Umiida,,,,umii1236,traditional,bowern2021australia,features,feature,map_1
167,Unggumi,,,,ungg1243,traditional,bowern2021australia,features,feature,map_1
168,Yawijibaya,,,,yawi1239,traditional,bowern2021australia,features,feature,map_1
169,Worrorra,,,,worr1237,traditional,bowern2021australia,features,feature,map_1
170,Kwini,,,,kwin1241,traditional,bowern2021australia,features,feature,map_1
171,Unggarranggu,,,,ungg1244,traditional,bowern2021australia,features,feature,map_1
172,Gamberre,,,,gamb1251,traditional,bowern2021australia,features,feature,map_1
173,Wunambal,,,,wuna1249,traditional,bowern2021australia,features,feature,map_1
174,Muluriji,,,,mulu1243,traditional,bowern2021australia,features,feature,map_1
175,Jardwadjali,,,,west2443,traditional,bowern2021australia,features,feature,map_1
176,Tjapwurrung,,,,djab1234,traditional,bowern2021australia,features,feature,map_1
177,Djadjawurung,,,,djad1246,traditional,bowern2021australia,features,feature,map_1
178,MathiMathi,,,,madh1244,traditional,bowern2021australia,features,feature,map_1
179,Nari Nari,,,,nari1241,traditional,bowern2021australia,features,feature,map_1
180,WathiWathi,,,,wadi1260,traditional,bowern2021australia,features,feature,map_1
181,Warrnambool,,,,warr1257,traditional,bowern2021australia,features,feature,map_1
182,Wotjobaluk,,,,wotj1234,traditional,bowern2021australia,features,feature,map_1
183,Wemba Wemba,,,,wemb1241,traditional,bowern2021australia,features,feature,map_1
184,Ngaliwuru,,,,djam1255,traditional,bowern2021australia,features,feature,map_1
185,Yari-Yari,,,,yari1243,traditional,bowern2021australia,features,feature,map_1
186,Jaminjung,,,,djam1255,traditional,bowern2021australia,features,feature,map_1
187,Nungali,,,,nung1291,traditional,bowern2021australia,features,feature,map_1
188,Kala Lagaw Ya,,,,kala1377,traditional,bowern2021australia,features,feature,map_1
189,Mabuiag,,,,mabu1248,traditional,bowern2021australia,features,feature,map_1
190,Magati Ke,,,,mart1254,traditional,bowern2021australia,features,feature,map_1
191,Marramaninyshi,,,,mari1417,traditional,bowern2021australia,features,feature,map_1
192,Marri Ammu,,,,mare1239,traditional,bowern2021australia,features,feature,map_1
193,Emmi,,,,mara1386,traditional,bowern2021australia,features,feature,map_1
194,Marringarr,,,,mari1419,traditional,bowern2021australia,features,feature,map_1
195,Giyug,,,,giyu1238,traditional,bowern2021australia,features,feature,map_1
196,Ngalia,,,,pint1251,traditional,bowern2021australia,features,feature,map_1
197,Warnman,,,,wanm1242,traditional,bowern2021australia,features,feature,map_1
198,Pitjantjatjara,,,,pitj1243,traditional,bowern2021australia,features,feature,map_1
199,Pintupi-Luritja,,,,pint1250,traditional,bowern2021australia,features,feature,map_1
200,Yankunytjatjara,,,,pitj1243,traditional,bowern2021australia,features,feature,map_1
201,Kartujarra,,,,kart1247,traditional,bowern2021australia,features,feature,map_1
202,Ladji Ladji,,,,ladj1234,traditional,bowern2021australia,features,feature,map_1
203,Putijarra,,,,pudi1238,traditional,bowern2021australia,features,feature,map_1
204,Yiman,,,,mand1417,traditional,bowern2021australia,features,feature,map_1
205,Yangga,,,,east2716,traditional,bowern2021australia,features,feature,map_1
206,Ganulu,,,,ganu1234,traditional,bowern2021australia,features,feature,map_1
207,Barada,,,,east2716,traditional,bowern2021australia,features,feature,map_1
208,Yilba,,,,east2716,traditional,bowern2021australia,features,feature,map_1
209,Gangulu,,,,gang1268,traditional,bowern2021australia,features,feature,map_1
210,Biri,,,,biri1256,traditional,bowern2021australia,features,feature,map_1
211,Kokatha,,,,koka1244,traditional,bowern2021australia,features,feature,map_1
212,Antakirinya,,,,anta1253,traditional,bowern2021australia,features,feature,map_1
213,Matngele,,,,madn1237,traditional,bowern2021australia,features,feature,map_1
214,Kamu,,,,kamu1258,traditional,bowern2021australia,features,feature,map_1
215,Boonwurrung,,,,boon1243,traditional,bowern2021australia,features,feature,map_1
216,Daungwurrung,,,,daun1234,traditional,bowern2021australia,features,feature,map_1
217,Ngarnka,,,,ngar1283,traditional,bowern2021australia,features,feature,map_1
218,Woiwurrung,,,,woiw1237,traditional,bowern2021australia,features,feature,map_1
219,Djirbal,,,,dyir1250,traditional,bowern2021australia,features,feature,map_1
220,Guynmal,,,,dhar1248,traditional,bowern2021australia,features,feature,map_1
221,Warrgamay,,,,warr1255,traditional,bowern2021australia,features,feature,map_1
222,Nyawaygi,,,,nyaw1247,traditional,bowern2021australia,features,feature,map_1
223,Wubuy,,,,nung1290,traditional,bowern2021australia,features,feature,map_1
224,Wulguru,,,,wulg1239,traditional,bowern2021australia,features,feature,map_1
225,Ngandi,,,,ngan1295,traditional,bowern2021australia,features,feature,map_1
226,Anindilyakwa,,,,anin1240,traditional,bowern2021australia,features,feature,map_1
227,Wirri,,,,biri1256,traditional,bowern2021australia,features,feature,map_1
228,Garingbal,,,,east2716,traditional,bowern2021australia,features,feature,map_1
229,Barna,,,,east2716,traditional,bowern2021australia,features,feature,map_1
230,Yambina,,,,east2716,traditional,bowern2021australia,features,feature,map_1
231,Wadjigu,,,,wadj1255,traditional,bowern2021australia,features,feature,map_1
232,Gabalbara,,,,east2716,traditional,bowern2021australia,features,feature,map_1
233,Wangan,,,,,traditional,bowern2021australia,features,feature,map_1
234,Bunuba,,,,buna1275,traditional,bowern2021australia,features,feature,map_1
235,Gooniyandi,,,,goon1238,traditional,bowern2021australia,features,feature,map_1
236,Dhuwal,,,,dhuw1249,traditional,bowern2021australia,features,feature,map_1
237,Dhuwala,,,,dhuw1250,traditional,bowern2021australia,features,feature,map_1
238,Dhay'yi,,,,dayi1244,traditional,bowern2021australia,features,feature,map_1
239,Wiradjuri,,,,wira1262,traditional,bowern2021australia,features,feature,map_1
240,Ngiyambaa,,,,wang1291,traditional,bowern2021australia,features,feature,map_1
241,Yuwaliyaay,,,,gami1243,traditional,bowern2021australia,features,feature,map_1
242,Gamilaraay,,,,gami1243,traditional,bowern2021australia,features,feature,map_1
243,Yuwaalaraay,,,,yuwa1242,traditional,bowern2021australia,features,feature,map_1
244,Limilngan,,,,nucl1327,traditional,bowern2021australia,features,feature,map_1
245,Wailwan,,,,wayi1238,traditional,bowern2021australia,features,feature,map_1
246,Dharumbal,,,,dhar1248,traditional,bowern2021australia,features,feature,map_1
247,Batjjamalh,,,,wadj1254,traditional,bowern2021australia,features,feature,map_1
248,Alyawarr,,,,alya1239,traditional,bowern2021australia,features,feature,map_1
249,Anmatyerr,,,,anma1239,traditional,bowern2021australia,features,feature,map_1
250,Ayerreyenge,,,,ayer1246,traditional,bowern2021australia,features,feature,map_1
251,Antekerrepenhe,,,,ande1247,traditional,bowern2021australia,features,feature,map_1
252,Lower Aranda,,,,lowe1436,traditional,bowern2021australia,features,feature,map_1
253,Kaytetye,,,,kayt1238,traditional,bowern2021australia,features,feature,map_1
254,Western Arrarnta,,,,west2441,traditional,bowern2021australia,features,feature,map_1
255,Central Arrernte,,,,east2379,traditional,bowern2021australia,features,feature,map_1
256,Eastern Arrernte,,,,east2379,traditional,bowern2021australia,features,feature,map_1
257,Yugambal,,,,yuga1244,traditional,bowern2021australia,features,feature,map_1
258,Bigambal,,,,biga1237,traditional,bowern2021australia,features,feature,map_1
259,Purduna,,,,burd1238,traditional,bowern2021australia,features,feature,map_1
260,Pinikura,,,,pini1244,traditional,bowern2021australia,features,feature,map_1
261,Thalanyji,,,,dhal1245,traditional,bowern2021australia,features,feature,map_1
262,Payungu,,,,bayu1240,traditional,bowern2021australia,features,feature,map_1
263,Pitta-Pitta,,,,pitt1247,traditional,bowern2021australia,features,feature,map_1
264,Mayawali,,,,pitt1247,traditional,bowern2021australia,features,feature,map_1
265,Wangkayutyuru,,,,wang1289,traditional,bowern2021australia,features,feature,map_1
266,Mithaka,,,,mith1236,traditional,bowern2021australia,features,feature,map_1
267,Karuwali,,,,karr1236,traditional,bowern2021australia,features,feature,map_1
268,Karangura,,,,ngam1265,traditional,bowern2021australia,features,feature,map_1
269,Wangkangurru,,,,wang1290,traditional,bowern2021australia,features,feature,map_1
270,Garlali,,,,kala1380,traditional,bowern2021australia,features,feature,map_1
271,Yandruwandha,,,,yand1253,traditional,bowern2021australia,features,feature,map_1
272,Yanda,,,,yand1251,traditional,bowern2021australia,features,feature,map_1
273,Guwa,,,,guwa1242,traditional,bowern2021australia,features,feature,map_1
274,Mawng,,,,maun1240,traditional,bowern2021australia,features,feature,map_1
275,Iwaidja,,,,iwai1244,traditional,bowern2021australia,features,feature,map_1
276,Marrgu,,,,marg1251,traditional,bowern2021australia,features,feature,map_1
277,Wurrugu,,,,wurr1238,traditional,bowern2021australia,features,feature,map_1
278,Ilgar,,,,ilga1238,traditional,bowern2021australia,features,feature,map_1
279,Garig,,,,gari1253,traditional,bowern2021australia,features,feature,map_1
280,Dharuk,,,,sydn1236,traditional,bowern2021australia,features,feature,map_1
281,Darrkinyung,,,,hawk1239,traditional,bowern2021australia,features,feature,map_1
282,Thanggatti,,,,dyan1250,traditional,bowern2021australia,features,feature,map_1
283,Eora,,,,sydn1236,traditional,bowern2021australia,features,feature,map_1
284,Miriwoong,,,,miri1266,traditional,bowern2021australia,features,feature,map_1
285,Gija,,,,kitj1240,traditional,bowern2021australia,features,feature,map_1
286,Yalarnnga,,,,yala1262,traditional,bowern2021australia,features,feature,map_1
287,Gajirrebeng,,,,gadj1243,traditional,bowern2021australia,features,feature,map_1
288,Thiin,,,,thii1234,traditional,bowern2021australia,features,feature,map_1
289,Kalkatungu,,,,kalk1246,traditional,bowern2021australia,features,feature,map_1
290,Garrwa,,,,gara1269,traditional,bowern2021australia,features,feature,map_1
291,Waanyi,,,,wany1247,traditional,bowern2021australia,features,feature,map_1
292,Erre,,,,erre1238,traditional,bowern2021australia,features,feature,map_1
293,Mengerrdji,,,,mang1382,traditional,bowern2021australia,features,feature,map_1
294,Gumbaynggir,,,,kumb1268,traditional,bowern2021australia,features,feature,map_1
295,Urningangk,,,,urni1239,traditional,bowern2021australia,features,feature,map_1
296,Baanbay,,,,kumb1268,traditional,bowern2021australia,features,feature,map_1
297,Yaygirr,,,,yayg1236,traditional,bowern2021australia,features,feature,map_1
298,Bininj Kunwok,,,,gunw1252,traditional,bowern2021australia,features,feature,map_1
299,Kunbarlang,,,,kunb1251,traditional,bowern2021australia,features,feature,map_1
300,Wulwulam,,,,wulw1234,traditional,bowern2021australia,features,feature,map_1
301,Dalabon,,,,ngal1292,traditional,bowern2021australia,features,feature,map_1
302,Jawoyn,,,,djau1244,traditional,bowern2021australia,features,feature,map_1
303,Uwinymil,,,,uwin1234,traditional,bowern2021australia,features,feature,map_1
304,Amurdak,,,,amar1271,traditional,bowern2021australia,features,feature,map_1
305,Warray,,,,wara1290,traditional,bowern2021australia,features,feature,map_1
306,Gudanji,,,,guda1242,traditional,bowern2021australia,features,feature,map_1
307,Binbinka,,,,binb1242,traditional,bowern2021australia,features,feature,map_1
308,Jingulu,,,,djin1251,traditional,bowern2021australia,features,feature,map_1
309,Wambaya,,,,wamb1258,traditional,bowern2021australia,features,feature,map_1
310,Kurnai,,,,gana1278,traditional,bowern2021australia,features,feature,map_1
311,Bidawal,,,,gana1268,traditional,bowern2021australia,features,feature,map_1
312,Muk-Thang,,,,gana1278,traditional,bowern2021australia,features,feature,map_1
313,Thangguai,,,,gana1278,traditional,bowern2021australia,features,feature,map_1
314,Dhudhuroa,,,,dhud1236,traditional,bowern2021australia,features,feature,map_1
315,Nulit,,,,gana1278,traditional,bowern2021australia,features,feature,map_1
316,Yawuru,,,,yawu1244,traditional,bowern2021australia,features,feature,map_1
317,Waywurru,,,,pall1243,traditional,bowern2021australia,features,feature,map_1
318,Jukun,,,,dyug1238,traditional,bowern2021australia,features,feature,map_1
319,Nyikina,,,,nyig1240,traditional,bowern2021australia,features,feature,map_1
320,Ngumbarl,,,,ngum1253,traditional,bowern2021australia,features,feature,map_1
321,Warrwa,,,,warr1258,traditional,bowern2021australia,features,feature,map_1
322,Warriyangga,,,,wari1262,traditional,bowern2021australia,features,feature,map_1
323,Tharrgari,,,,dhar1247,traditional,bowern2021australia,features,feature,map_1
324,Gudjal,,,,gudj1237,traditional,bowern2021australia,features,feature,map_1
325,Alawa,,,,alaw1244,traditional,bowern2021australia,features,feature,map_1
326,Yagalingu,,,,bidy1243,traditional,bowern2021australia,features,feature,map_1
327,Miyan,,,,east2716,traditional,bowern2021australia,features,feature,map_1
328,Dungaloo,,,,,traditional,bowern2021australia,features,feature,map_1
329,Giya,,,,giya1234,traditional,bowern2021australia,features,feature,map_1
330,Yiningayi,,,,bidy1243,traditional,bowern2021australia,features,feature,map_1
331,Yuru,,,,yuru1264,traditional,bowern2021australia,features,feature,map_1
332,Yugul,,,,yugu1250,traditional,bowern2021australia,features,feature,map_1
333,Bindal,,,,bind1237,traditional,bowern2021australia,features,feature,map_1
334,Marra,,,,mara1385,traditional,bowern2021australia,features,feature,map_1
335,Warndarrang,,,,wand1263,traditional,bowern2021australia,features,feature,map_1
336,Nyangumarta,,,,nyan1301,traditional,bowern2021australia,features,feature,map_1
337,Karajarri,,,,kara1476,traditional,bowern2021australia,features,feature,map_1
338,Larrakia,,,,lara1258,traditional,bowern2021australia,features,feature,map_1
339,Wulna,,,,wuln1239,traditional,bowern2021australia,features,feature,map_1
340,Keramin,,,,kera1256,traditional,bowern2021australia,features,feature,map_1
341,Ngarkat,,,,lowe1402,traditional,bowern2021australia,features,feature,map_1
342,Ngintait,,,,ngin1247,traditional,bowern2021australia,features,feature,map_1
343,YithaYitha,,,,yith1234,traditional,bowern2021australia,features,feature,map_1
344,Ngarrindjeri,,,,narr1259,traditional,bowern2021australia,features,feature,map_1
345,Peramangk,,,,,traditional,bowern2021australia,features,feature,map_1
346,Ngaiawang,,,,lowe1402,traditional,bowern2021australia,features,feature,map_1
347,Yaraldi,,,,yara1254,traditional,bowern2021australia,features,feature,map_1
348,Ndjebbana,,,,djee1236,traditional,bowern2021australia,features,feature,map_1
349,Raminyeri,,,,narr1259,traditional,bowern2021australia,features,feature,map_1
350,Gurrgoni,,,,gura1252,traditional,bowern2021australia,features,feature,map_1
351,Nakara,,,,naka1260,traditional,bowern2021australia,features,feature,map_1
352,Jiwarli,,,,thii1234,traditional,bowern2021australia,features,feature,map_1
353,Burarra,,,,bura1267,traditional,bowern2021australia,features,feature,map_1
354,Kalaamaya,,,,kala1401,traditional,bowern2021australia,features,feature,map_1
355,Tharrayi,,,,ying1247,traditional,bowern2021australia,features,feature,map_1
356,Badimaya,,,,badi1246,traditional,bowern2021australia,features,feature,map_1
357,Nhanda,,,,nhan1238,traditional,bowern2021australia,features,feature,map_1
358,Thaagurda,,,,kart1250,traditional,bowern2021australia,features,feature,map_1
359,Wajarri,,,,waja1257,traditional,bowern2021australia,features,feature,map_1
360,Kolakngat,,,,cola1237,traditional,bowern2021australia,features,feature,map_1
361,Bunganditj,,,,bung1264,traditional,bowern2021australia,features,feature,map_1
362,Birrpayi,,,,birr1241,traditional,bowern2021australia,features,feature,map_1
363,Wathawurrung,,,,wath1238,traditional,bowern2021australia,features,feature,map_1
364,Hunter River Lake Macquarie,,,,awab1243,traditional,bowern2021australia,features,feature,map_1
365,Worimi,,,,wori1245,traditional,bowern2021australia,features,feature,map_1
366,Aghu Tharnggala,,,,aghu1256,traditional,bowern2021australia,features,feature,map_1
367,Katthang,,,,wori1245,traditional,bowern2021australia,features,feature,map_1
368,Lamalama,,,,lamu1254,traditional,bowern2021australia,features,feature,map_1
369,Nhirrpi,,,,nhir1234,traditional,bowern2021australia,features,feature,map_1
370,Pirlatapa,,,,pirl1238,traditional,bowern2021australia,features,feature,map_1
371,Diyari,,,,dira1238,traditional,bowern2021australia,features,feature,map_1
372,Kungkarri,,,,kuun1236,traditional,bowern2021australia,features,feature,map_1
373,Yawarrawarrka,,,,yawa1258,traditional,bowern2021australia,features,feature,map_1
374,Pirriya,,,,pirr1240,traditional,bowern2021australia,features,feature,map_1
375,Yarluyandi,,,,yarl1238,traditional,bowern2021australia,features,feature,map_1
376,Ngamini,,,,ngam1265,traditional,bowern2021australia,features,feature,map_1
377,Ngantangarra,,,,yaru1254,traditional,bowern2021australia,features,feature,map_1
378,Wangkumara,,,,wong1246,traditional,bowern2021australia,features,feature,map_1
379,Thirarri,,,,dira1238,traditional,bowern2021australia,features,feature,map_1
380,Arabana,,,,arab1267,traditional,bowern2021australia,features,feature,map_1
381,Malkana,,,,malg1242,traditional,bowern2021australia,features,feature,map_1
382,Punthamara,,,,punt1240,traditional,bowern2021australia,features,feature,map_1
383,Yingkarta,,,,ying1247,traditional,bowern2021australia,features,feature,map_1
384,Wagiman,,,,wage1238,traditional,bowern2021australia,features,feature,map_1
385,Tiwi,,,,tiwi1244,traditional,bowern2021australia,features,feature,map_1
386,Gaagudju,,,,gaga1251,traditional,bowern2021australia,features,feature,map_1
387,Kungarakany,,,,kung1259,traditional,bowern2021australia,features,feature,map_1
388,Warungu,,,,waru1264,traditional,bowern2021australia,features,feature,map_1
389,Mangarrayi,,,,mang1381,traditional,bowern2021australia,features,feature,map_1
390,Djinba,,,,djin1252,traditional,bowern2021australia,features,feature,map_1
391,Gugu Badhun,,,,gudj1237,traditional,bowern2021australia,features,feature,map_1
392,Yan-nhangu,,,,yann1237,traditional,bowern2021australia,features,feature,map_1
393,Dhangu,,,,dhan1270,traditional,bowern2021australia,features,feature,map_1
394,Djangu,,,,dhan1270,traditional,bowern2021australia,features,feature,map_1
395,Golpa,,,,yann1237,traditional,bowern2021australia,features,feature,map_1
396,Ngardi,,,,ngar1288,traditional,bowern2021australia,features,feature,map_1
397,Djinang,,,,djin1253,traditional,bowern2021australia,features,feature,map_1
398,Manjiljarra,,,,mart1256,traditional,bowern2021australia,features,feature,map_1
399,Wangkajunga,,,,wang1288,traditional,bowern2021australia,features,feature,map_1
400,Yindjibarndi,,,,yind1247,traditional,bowern2021australia,features,feature,map_1
401,Ngarla,,,,ngar1286,traditional,bowern2021australia,features,feature,map_1
402,Karranga,,,,mudb1240,traditional,bowern2021australia,features,feature,map_1
403,Yinhawangka,,,,yinh1234,traditional,bowern2021australia,features,feature,map_1
404,Bilinarra,,,,bili1250,traditional,bowern2021australia,features,feature,map_1
405,Walmajarri,,,,walm1241,traditional,bowern2021australia,features,feature,map_1
406,Warlpiri,,,,warl1254,traditional,bowern2021australia,features,feature,map_1
407,Warlmanpa,,,,warl1255,traditional,bowern2021australia,features,feature,map_1
408,Wurlayi,,,,wurl1241,traditional,bowern2021australia,features,feature,map_1
409,Ngarinyman,,,,ngar1235,traditional,bowern2021australia,features,feature,map_1
410,Mudburra,,,,mudb1240,traditional,bowern2021australia,features,feature,map_1
411,Gurindji,,,,guri1247,traditional,bowern2021australia,features,feature,map_1
412,Malngin,,,,maln1239,traditional,bowern2021australia,features,feature,map_1
413,Jaru,,,,jaru1254,traditional,bowern2021australia,features,feature,map_1
414,Jiwarliny,,,,djuw1238,traditional,bowern2021australia,features,feature,map_1
415,Wanyjirra,,,,wany1244,traditional,bowern2021australia,features,feature,map_1
416,Garandi,,,,kuth1240,traditional,bowern2021australia,features,feature,map_1
417,Barranbinya,,,,barr1252,traditional,bowern2021australia,features,feature,map_1
418,Southern Anaiwan,,,,ngan1296,traditional,bowern2021australia,features,feature,map_1
419,Kokiny,,,,kawa1290,traditional,bowern2021australia,features,feature,map_1
420,Ribh,,,,areb1238,traditional,bowern2021australia,features,feature,map_1
421,Olkola,,,,olko1234,traditional,bowern2021australia,features,feature,map_1
422,Gugu Djangun,,,,djan1238,traditional,bowern2021australia,features,feature,map_1
423,Wik-Alkan,,,,wika1238,traditional,bowern2021australia,features,feature,map_1
424,Wik-Ngatharr,,,,wika1238,traditional,bowern2021australia,features,feature,map_1
425,Wik-Paacha,,,,wikn1245,traditional,bowern2021australia,features,feature,map_1
426,Wik-Ep,,,,wike1239,traditional,bowern2021australia,features,feature,map_1
427,Wik-Ngathan,,,,wika1238,traditional,bowern2021australia,features,feature,map_1
428,Wik Me'anh,,,,wikm1246,traditional,bowern2021australia,features,feature,map_1
429,Pakanh,,,,paka1251,traditional,bowern2021australia,features,feature,map_1
430,Kuuk Yak,,,,kuuk1243,traditional,bowern2021australia,features,feature,map_1
431,Kuuk Thaayorre,,,,thay1249,traditional,bowern2021australia,features,feature,map_1
432,Yintyingka,,,,ayab1239,traditional,bowern2021australia,features,feature,map_1
433,Umpithamu,,,,umbi1243,traditional,bowern2021australia,features,feature,map_1
434,Umbuygamu,,,,umbu1256,traditional,bowern2021australia,features,feature,map_1
435,Rimanggudinhma,,,,mbar1253,traditional,bowern2021australia,features,feature,map_1
436,Walangama,,,,wala1263,traditional,bowern2021australia,features,feature,map_1
437,Agwamin,,,,wami1239,traditional,bowern2021australia,features,feature,map_1
438,Takalak,,,,taga1279,traditional,bowern2021australia,features,feature,map_1
439,Athima,,,,athi1234,traditional,bowern2021australia,features,feature,map_1
440,Ikarranggal,,,,ikar1243,traditional,bowern2021australia,features,feature,map_1
441,Uw Oykangand,,,,oyka1239,traditional,bowern2021australia,features,feature,map_1
442,Ogunyjan,,,,kawa1290,traditional,bowern2021australia,features,feature,map_1
443,Koko-Babángk,,,,koko1273,traditional,bowern2021australia,features,feature,map_1
444,Menthe,,,,amii1238,traditional,bowern2021australia,features,feature,map_1
445,Yunggurr,,,,kamu1258,traditional,bowern2021australia,features,feature,map_1
446,Pungupungu,,,,pung1239,traditional,bowern2021australia,features,feature,map_1
447,Maranunggu,,,,mara1386,traditional,bowern2021australia,features,feature,map_1
448,Tyerraty,,,,tyar1236,traditional,bowern2021australia,features,feature,map_1
449,Ngan'gikurunggurr,,,,nang1259,traditional,bowern2021australia,features,feature,map_1
450,Marrithiel,,,,mari1424,traditional,bowern2021australia,features,feature,map_1
451,Marri Tjevin,,,,mari1421,traditional,bowern2021australia,features,feature,map_1
452,Marri Dan,,,,mari1422,traditional,bowern2021australia,features,feature,map_1
453,Winjarumi,,,,winj1235,traditional,bowern2021australia,features,feature,map_1
454,Nyaanyatjarra,,,,ngaa1240,traditional,bowern2021australia,features,feature,map_1
455,Tjupan,,,,tjup1235,traditional,bowern2021australia,features,feature,map_1
456,Ngaanyatjarra,,,,ngaa1240,traditional,bowern2021australia,features,feature,map_1
457,Kuwarra,,,,,traditional,bowern2021australia,features,feature,map_1
458,Cundeelee Wangka,,,,,traditional,bowern2021australia,features,feature,map_1
459,Yetimarala,,,,dhar1248,traditional,bowern2021australia,features,feature,map_1
460,Wapabara,,,,dhar1248,traditional,bowern2021australia,features,feature,map_1
461,Ara-ara,,,,gayi1238,traditional,bowern2021australia,features,feature,map_1
462,Gara-gara,,,,gayi1238,traditional,bowern2021australia,features,feature,map_1
463,Yandjibara,,,,yand1261,traditional,bowern2021australia,features,feature,map_1
464,Dharawala,,,,bidy1243,traditional,bowern2021australia,features,feature,map_1
465,Ngaro,,,,giya1234,traditional,bowern2021australia,features,feature,map_1
466,Wilyakali,,,,wilj1239,traditional,bowern2021australia,features,feature,map_1
467,Paakantyi,,,,darl1243,traditional,bowern2021australia,features,feature,map_1
468,Omeo language,,,,sout2770,traditional,bowern2021australia,features,feature,map_1
469,Yu-Yu,,,,uppe1415,traditional,bowern2021australia,features,feature,map_1
470,Dharumba,,,,dhur1239,traditional,bowern2021australia,features,feature,map_1
471,Copmanhurst Langugae,,,,yuga1244,traditional,bowern2021australia,features,feature,map_1
472,Gold Coast Pimpana,,,,pimp1234,traditional,bowern2021australia,features,feature,map_1
473,Condamine- Upper-Clarence,,,,cond1242,traditional,bowern2021australia,features,feature,map_1
474,Middle Clarence,,,,midd1357,traditional,bowern2021australia,features,feature,map_1
475,Lower Richmond,,,,lowe1444,traditional,bowern2021australia,features,feature,map_1
476,Tweed-Albert,,,,twee1234,traditional,bowern2021australia,features,feature,map_1
477,Guyambal,,,,yuga1244,traditional,bowern2021australia,features,feature,map_1
478,Gugu Wakura,,,,yala1261,traditional,bowern2021australia,features,feature,map_1
479,Koogobatha,,,,kunj1245,traditional,bowern2021australia,features,feature,map_1
480,Awu Alaya,,,,ikar1243,traditional,bowern2021australia,features,feature,map_1
481,Ogh-Alungul,,,,alay1234,traditional,bowern2021australia,features,feature,map_1
482,Koko Dhawa,,,,koko1272,traditional,bowern2021australia,features,feature,map_1
483,Ogh Awarrangg,,,,ogha1238,traditional,bowern2021australia,features,feature,map_1
484,Agu Aloja,,,,alay1234,traditional,bowern2021australia,features,feature,map_1
485,Ogh-Angkula,,,,alay1234,traditional,bowern2021australia,features,feature,map_1
486,Wik Iyanh,,,,wiki1239,traditional,bowern2021australia,features,feature,map_1
487,Uw El,,,,oyka1239,traditional,bowern2021australia,features,feature,map_1
488,Yirrk Thangalkl,,,,gugu1254,traditional,bowern2021australia,features,feature,map_1
489,Southern Kaantju,,,,kanj1260,traditional,bowern2021australia,features,feature,map_1
